,Location,Burrito,Date,Neighborhood,Address,URL,Yelp,Google,Cost,Hunger,Mass..g.,Density..g.mL.,Length,Circum,Volume,Tortilla,Temp,Meat,Fillings,Meat.filling,Uniformity,Salsa,Synergy,Wrap,Overall,wouldRecommend,Reviewer,Notes,Beef,Pico,Guac,Cheese,Fries,Sour.cream,Pork,Chicken,Shrimp,Fish,Rice,Beans,Lettuce,Tomato,Bell.pepper,Carrots,Cabbage,Sauce,Salsa,Cilantro,Onion,Taquito,Pineapple,Ham,Chile.relleno,Nopales,Lobster,Egg,Mushroom,Bacon,Avocado,Corn,Zucchini
143,Albertacos,California ,6/8/2016,San Marcos,500 W San Marcos Blvd # 103,https://www.yelp.com/biz/albertacos-san-marcos,3.5,3.9,5.7,3.5,,,20.5,21.5,0.75,3.5,3,3,4,1.5,4,4,4,4,3.7,1,Scott,,0,1,1,1,1,1,0,0,0,0,0,0,0,0,0,0,0,0,0,0,0,0,0,0,0,0,0,0,0,0,0,0,0
204,Albertacos,Carne asada,6/8/2016,San Marcos,501 W San Marcos Blvd # 103,https://www.yelp.com/biz/albertacos-san-marcos,3.5,3.9,5.25,4,,,21,21,0.74,3.5,3,2.8,3.5,4,4,4,3.5,5,3.2,1,Emily,,0,1,1,0,0,0,0,0,0,0,0,0,0,0,0,0,0,0,0,0,0,0,0,0,0,0,0,0,0,0,0,0,0
49,Burros and Fries,California,8/12/2016,Clairemont,4705 Clairemont Dr,http://www.burrosandfries.com/,3.5,4.1,6.89,4,,,21.5,22.5,0.87,3.5,4.5,3.5,3.5,3,1.5,2.5,3.5,5,3.5,1,Scott,good fries,0,1,0,1,1,1,0,0,0,0,0,0,0,0,0,0,0,0,0,0,0,0,0,0,0,0,0,0,0,0,0,0,0
50,Burros and Fries,California,6/4/2017,Clairemont,4708 Clairemont Dr,http://www.burrosandfries.com/,3.5,4.1,7.19,3.5,635,0.783950617,21,22,0.81,3.5,4.5,3.5,3.5,3,3.5,4,3.5,5,3.8,0,Scott,,0,0,0,0,0,0,0,0,0,0,0,0,0,0,0,0,0,0,0,0,0,0,0,0,0,0,0,0,0,0,0,0,0
205,Burros and Fries,Carne asada,8/12/2016,Clairemont,4706 Clairemont Dr,http://www.burrosandfries.com/,3.5,4.1,6.89,5,,,18.5,21,0.65,3,5,4.5,4.5,3,4,4.5,4,4.5,4,1,Brent,very little guac,0,1,1,0,0,0,0,0,0,0,0,0,0,0,0,0,0,0,0,0,0,0,0,0,0,0,0,0,0,0,0,0,0
335,Burros and Fries,Shrimp california,6/4/2017,Clairemont,4707 Clairemont Dr,http://www.burrosandfries.com/,3.5,4.1,6.99,4,580,0.865671642,21,20,0.67,3,4,4,2.5,2.5,3,3,3,5,3,0,Emily,too many fries. Not great,0,0,0,0,0,0,0,0,0,0,0,0,0,0,0,0,0,0,0,0,0,0,0,0,0,0,0,0,0,0,0,0,0
51,Caliente Mexican Food,California,7/6/2017,Sorrento Valley,11818 Sorrento Valley Rd,https://www.yelp.com/biz/caliente-mexican-food-san-diego,3.5,4.4,6.47,4,,,23,22,0.89,1,2,2,2,3,3,1,2,3,2,0,Erik K,,0,0,0,0,0,0,0,0,0,0,0,0,0,0,0,0,0,0,0,0,0,0,0,0,0,0,0,0,0,0,0,0,0
232,Caliente Mexican Food,Carne asada,7/6/2017,Sorrento Valley,11815 Sorrento Valley Rd,https://www.yelp.com/biz/caliente-mexican-food-san-diego,3.5,4.4,5.56,2.5,420,0.617647059,21.5,20,0.68,2.5,3,2.5,3.5,4.5,4.5,3.7,3.3,4.5,3.5,0,Scott,,0,0,0,0,0,0,0,0,0,0,0,0,0,0,0,0,0,0,0,0,0,0,0,0,0,0,0,0,0,0,0,0,0
233,Caliente Mexican Food,Carne asada,7/6/2017,Sorrento Valley,11816 Sorrento Valley Rd,https://www.yelp.com/biz/caliente-mexican-food-san-diego,3.5,4.4,5.56,4,,,21,21.5,0.77,4,4,4,3,4,2,4,3,3,4,0,Chris G,,0,0,0,0,0,0,0,0,0,0,0,0,0,0,0,0,0,0,0,0,0,0,0,0,0,0,0,0,0,0,0,0,0
286,Caliente Mexican Food,fried fish,7/6/2017,Sorrento Valley,11817 Sorrento Valley Rd,https://www.yelp.com/biz/caliente-mexican-food-san-diego,3.5,4.4,5.56,3.5,,,22.5,19,0.65,3.5,3,,3.5,3,4,4.5,3.5,4,3.5,0,Xi,,0,0,0,0,0,0,0,0,0,0,0,0,0,0,0,0,0,0,0,0,0,0,0,0,0,0,0,0,0,0,0,0,0
52,California Burrito Company,California,10/12/2016,Miramar,6913 Miramar Rd,https://www.yelp.com/biz/california-burrito-company-san-diego-3,3.5,4.4,5.5,4,,,20,20,0.64,3.5,5,3,3,3.5,3.5,2,4,5,3.5,1,Devleena,,0,0,0,1,1,1,0,0,0,0,0,0,0,0,0,0,0,0,0,0,0,0,0,0,0,0,0,0,0,0,0,0,0
53,California Burrito Company,California,10/12/2016,Miramar,6914 Miramar Rd,https://www.yelp.com/biz/california-burrito-company-san-diego-4,3.5,4.4,5.5,2,,,20,23,0.84,3,5,3,4,2,2,2,4.5,4,3.5,1,Sankha G,,0,0,0,1,1,1,0,0,0,0,0,0,0,0,0,0,0,0,0,0,0,0,0,0,0,0,0,0,0,0,0,0,0
144,California Burrito Company,California ,10/18/2016,Miramar,6916 Miramar Rd,https://www.yelp.com/biz/california-burrito-company-san-diego-6,3.5,4.4,5.5,3,,,17,22,0.65,3,4,4.5,3,2,4,4.5,3.5,4.5,3.5,0,Ricardo,Very plain burrito,0,0,0,0,0,0,0,0,0,0,0,0,0,0,0,0,0,0,0,0,0,0,0,0,0,0,0,0,0,0,0,0,0
279,California Burrito Company,Dave's California,10/12/2016,Miramar,6912 Miramar Rd,https://www.yelp.com/biz/california-burrito-company-san-diego-2,3.5,4.4,6.5,4,,,19.5,21,0.68,3,2.5,2.5,3,4,3.5,2.5,3,5,3.3,0,Scott,The burrito looked beautiful when it came out. Chicken didn't add anything. would probably get the regular,0,0,0,1,1,1,0,1,0,0,0,0,0,0,0,0,0,0,0,0,0,0,0,0,0,0,0,0,0,0,0,0,0
284,California Burrito Company,Fajitas ,10/18/2016,Miramar,6915 Miramar Rd,https://www.yelp.com/biz/california-burrito-company-san-diego-5,3.5,4.4,6.5,3,,,18.5,20.5,0.62,3,4.5,3.5,1.5,1.5,2,3.2,2,4.5,2.2,0,Scott,Peppers not cooked enough,0,0,0,1,0,0,0,0,0,0,0,0,0,0,1,0,0,0,0,0,1,0,0,0,0,0,0,0,0,0,0,0,0
181,California Burritos,California ,4/15/2016,Linda Vista,7754 Starling Dr,https://www.yelp.com/biz/california-burritos-san-diego,4.5,4.4,6.25,4,,,,,,4.5,4.5,2.5,3.5,3.5,3.5,3,4,5,4.1,1,Scott,,0,1,1,1,1,1,0,0,0,0,0,0,0,0,0,0,0,0,0,0,0,0,0,0,0,0,0,0,0,0,0,0,0
182,California Burritos,California ,4/15/2016,Linda Vista,7755 Starling Dr,https://www.yelp.com/biz/california-burritos-san-diego,4.5,4.4,6.25,3.5,,,,,,4,4,4,2.5,3,3.5,4,4,5,4,0,Brent,Brent doesn't like fries in his burrito,0,1,1,1,1,1,0,0,0,0,0,0,0,0,0,0,0,0,0,0,0,0,0,0,0,0,0,0,0,0,0,0,0
183,California Burritos,California ,4/15/2016,Linda Vista,7756 Starling Dr,https://www.yelp.com/biz/california-burritos-san-diego,4.5,4.4,6.25,4,,,,,,4,4.5,4.5,5,5,5,4.5,5,5,4.6,1,Luis,,0,1,1,1,1,1,0,0,0,0,0,0,0,0,0,0,0,0,0,0,0,0,0,0,0,0,0,0,0,0,0,0,0
184,California Burritos,California ,6/24/2016,Linda Vista,7759 Starling Dr,https://www.yelp.com/biz/california-burritos-san-diego,4.5,4.4,6.25,3,,,23.5,21.5,0.86,3.8,1.3,3.5,3.5,4.5,4.5,3.5,4,5,3.9,1,Scott,Temperature brought it down,0,1,1,1,1,0,0,0,0,0,0,0,0,0,0,0,0,0,0,0,0,0,0,0,0,0,0,0,0,0,0,0,0
185,California Burritos,California ,6/24/2016,Linda Vista,7760 Starling Dr,https://www.yelp.com/biz/california-burritos-san-diego,4.5,4.4,6.25,4.5,,,22.5,22,0.87,4,4,4.5,4,4,3.5,4,4,4.5,4.25,1,Ricardo,,0,1,1,1,1,0,0,0,0,0,0,0,0,0,0,0,0,0,0,0,0,0,0,0,0,0,0,0,0,0,0,0,0
186,California Burritos,California ,6/24/2016,Linda Vista,7761 Starling Dr,https://www.yelp.com/biz/california-burritos-san-diego,4.5,4.4,6.25,4,,,22.5,22,0.87,3,2.5,4,4,4,2,2,3,4,4,1,Elynn,,0,1,1,1,1,0,0,0,0,0,0,0,0,0,0,0,0,0,0,0,0,0,0,0,0,0,0,0,0,0,0,0,0
187,California Burritos,California ,6/24/2016,Linda Vista,7762 Starling Dr,https://www.yelp.com/biz/california-burritos-san-diego,4.5,4.4,6.25,3,,,23,22.5,0.93,5,4,4,4.5,4,4.5,,4,4,4.5,1,Erin,,0,1,1,1,1,0,0,0,0,0,0,0,0,0,0,0,0,0,0,0,0,0,0,0,0,0,0,0,0,0,0,0,0
188,California Burritos,California ,6/24/2016,Linda Vista,7763 Starling Dr,https://www.yelp.com/biz/california-burritos-san-diego,4.5,4.4,6.25,4,,,,,,4,3.5,4.5,4,4.5,4,4.5,4.5,5,4.5,1,Luis,,0,1,1,1,1,0,0,0,0,0,0,0,0,0,0,0,0,0,0,0,0,0,0,0,0,0,0,0,0,0,0,0,0
189,California Burritos,California ,8/1/2016,Linda Vista,7768 Starling Dr,https://www.yelp.com/biz/california-burritos-san-diego,4.5,4.4,6.25,4,,,22,20.8,0.76,4,4,3.5,4,3,4,4,3.5,4.5,3.75,1,Ricardo,,0,1,1,1,1,0,0,0,0,0,0,0,0,0,0,0,0,0,0,0,0,0,0,0,0,0,0,0,0,0,0,0,0
190,California Burritos,California ,8/1/2016,Linda Vista,7769 Starling Dr,https://www.yelp.com/biz/california-burritos-san-diego,4.5,4.4,6.25,4,,,22.5,21.5,0.83,3,2,4,5,4,4,3,4,3,4,1,Elynn,,0,1,1,1,1,0,0,0,0,0,0,0,0,0,0,0,0,0,0,0,0,0,0,0,0,0,0,0,0,0,0,0,0
191,California Burritos,California ,8/1/2016,Linda Vista,7770 Starling Dr,https://www.yelp.com/biz/california-burritos-san-diego,4.5,4.4,6.25,4,,,23,21.5,0.85,4,3.5,3.5,4,3.5,4,3.5,4,4.5,4,1,Matteo,,0,1,1,1,1,0,0,0,0,0,0,0,0,0,0,0,0,0,0,0,0,0,0,0,0,0,0,0,0,0,0,0,0
192,California Burritos,California ,8/1/2016,Linda Vista,7771 Starling Dr,https://www.yelp.com/biz/california-burritos-san-diego,4.5,4.4,6.25,3.5,,,21,22.5,0.85,3.5,2,3,3.5,3.5,2.5,2.5,3.5,4.5,3.4,1,Scott,,0,1,1,1,1,0,0,0,0,0,0,0,0,0,0,0,0,0,0,0,0,0,0,0,0,0,0,0,0,0,0,0,0
193,California Burritos,California ,8/1/2016,Linda Vista,7772 Starling Dr,https://www.yelp.com/biz/california-burritos-san-diego,4.5,4.4,6.25,3,,,22.5,21,0.79,4,4,4.5,5,4.75,5,4,4.5,4.5,,1,Aga,,0,1,1,1,1,0,0,0,0,0,0,0,0,0,0,0,0,0,0,0,0,0,0,0,0,0,0,0,0,0,0,0,0
194,California Burritos,California ,10/17/2016,Linda Vista,7775 Starling Dr,https://www.yelp.com/biz/california-burritos-san-diego,4.5,4.4,6.95,4,,,22,23,0.93,4,2,4,3,4,5,3,3,4,4,0,Elynn,,0,0,0,0,0,0,0,0,0,0,0,0,0,0,0,0,0,0,0,0,0,0,0,0,0,0,0,0,0,0,0,0,0
195,California burritos,California ,4/7/2017,Linda Vista,7777 Starling Dr,https://www.yelp.com/biz/california-burritos-san-diego,4.5,4.4,6.5,4.5,520,0.626506024,22.5,21.5,0.83,4.5,3,3.5,4.5,3.5,4,3.5,4.3,4.3,4.1,0,Scott,,0,0,0,0,0,0,0,0,0,0,0,0,0,0,0,0,0,0,0,0,0,0,0,0,0,0,0,0,0,0,0,0,0
196,California burritos,California ,4/7/2017,Linda Vista,7778 Starling Dr,https://www.yelp.com/biz/california-burritos-san-diego,4.5,4.4,6.5,4,476,0.56,23,21.5,0.85,4,3.5,4.5,4,3.5,4.5,4,4,4.5,4,0,Ricardo,,0,0,0,0,0,0,0,0,0,0,0,0,0,0,0,0,0,0,0,0,0,0,0,0,0,0,0,0,0,0,0,0,0
197,California burritos,California ,4/7/2017,Linda Vista,7781 Starling Dr,https://www.yelp.com/biz/california-burritos-san-diego,4.5,4.4,6.5,4,,,21.3,23.8,0.96,3,3,4,4,4,4,3,4,4,4,0,Clark,,0,0,0,0,0,0,0,0,0,0,0,0,0,0,0,0,0,0,0,0,0,0,0,0,0,0,0,0,0,0,0,0,0
198,California burritos,California ,4/7/2017,Linda Vista,7779 Starling Dr,https://www.yelp.com/biz/california-burritos-san-diego,4.5,4.4,4.75,4,,,18,17,0.41,4,4,4.5,4.3,4.5,4.5,4.8,4.8,5,4.5,0,Luis,,0,0,0,0,0,0,0,0,0,0,0,0,0,0,0,0,0,0,0,0,0,0,0,0,0,0,0,0,0,0,0,0,0
234,California Burritos,Carne asada,6/24/2016,Linda Vista,7765 Starling Dr,https://www.yelp.com/biz/california-burritos-san-diego,4.5,4.4,6.25,3,,,23,23,0.97,4,3,4,3,4,3,3,4,4,4,1,Brent,,0,1,1,1,0,1,0,0,0,0,0,0,0,0,0,0,0,0,0,0,0,0,0,0,0,0,0,0,0,0,0,0,0
235,California Burritos,Carne asada,6/24/2016,Linda Vista,7766 Starling Dr,https://www.yelp.com/biz/california-burritos-san-diego,4.5,4.4,6.25,4.5,,,21.5,20.5,0.72,4,5,4.5,4,4.5,4,3,4,5,4.5,1,Daniel,,0,1,1,1,0,1,0,0,0,0,0,0,0,0,0,0,0,0,0,0,0,0,0,0,0,0,0,0,0,0,0,0,0
236,California Burritos,Carne asada,6/24/2016,Linda Vista,7767 Starling Dr,https://www.yelp.com/biz/california-burritos-san-diego,4.5,4.4,6.25,5,,,23,21.5,0.85,4,3,5,4,4,4,5,5,3,4.2,1,Alejandro,,0,1,1,1,0,1,0,0,0,0,0,0,0,0,0,0,0,0,0,0,0,0,0,0,0,0,0,0,0,0,0,0,0
237,California Burritos,Carne asada,8/1/2016,Linda Vista,7774 Starling Dr,https://www.yelp.com/biz/california-burritos-san-diego,4.5,4.4,6.25,4.5,,,22,20,0.7,4.5,4,4,4.5,4,4,4.5,4.5,4,4,1,Brent,,0,1,1,1,0,1,0,0,0,0,0,0,0,0,0,0,0,0,0,0,0,0,0,0,0,0,0,0,0,0,0,0,0
239,California Burritos,Carnitas,6/24/2016,Linda Vista,7764 Starling Dr,https://www.yelp.com/biz/california-burritos-san-diego,4.5,4.4,5.5,4.5,,,21.5,20,0.68,5,4,5,4,4.5,4,4,4.5,4,4.5,1,Matteo,,0,0,1,0,0,0,1,0,0,0,0,0,0,0,0,0,0,0,0,0,0,0,0,0,0,0,0,0,0,0,0,0,0
341,California Burritos,Surf & Turf,8/1/2016,Linda Vista,7773 Starling Dr,https://www.yelp.com/biz/california-burritos-san-diego,4.5,4.4,7,4.31,,,,,,3,2.5,3.5,3,3.5,4,3,3,4,,1,Hannah,,0,0,0,0,0,0,0,0,0,0,0,0,0,0,0,0,0,0,0,0,0,0,0,0,0,0,0,0,0,0,0,0,0
342,California Burritos,Surf & Turf,10/17/2016,Linda Vista,7776 Starling Dr,https://www.yelp.com/biz/california-burritos-san-diego,4.5,4.4,7,4,,,22.5,21,0.79,3,3,3.5,4,4,3,3,4,3.5,5,0,Hannah,,0,0,0,0,0,0,0,0,0,0,0,0,0,0,0,0,0,0,0,0,0,0,0,0,0,0,0,0,0,0,0,0,0
343,California burritos,Surf & Turf,4/7/2017,Linda Vista,7780 Starling Dr,https://www.yelp.com/biz/california-burritos-san-diego,4.5,4.4,6.75,4,560,0.565656566,24.5,22.5,0.99,4,4,4,3.5,3.5,3,2,3.5,3.5,3.5,0,Hannah,,0,0,0,0,0,0,0,0,0,0,0,0,0,0,0,0,0,0,0,0,0,0,0,0,0,0,0,0,0,0,0,0,0
344,California burritos,Surf & Turf,4/7/2017,Linda Vista,7782 Starling Dr,https://www.yelp.com/biz/california-burritos-san-diego,4.5,4.4,6.75,4,,,,,,3,5,5,,,5,,4,5,4.5,0,Justin C,,0,0,0,0,0,0,0,0,0,0,0,0,0,0,0,0,0,0,0,0,0,0,0,0,0,0,0,0,0,0,0,0,0
5,Cancun Mexican & Seafood,Adobada,9/9/2016,Encinitas,1768 N Coast Hwy,http://cancunmexicanandseafood.com/,4.5,4.1,6.45,3,,,19.5,21.5,0.72,4,5,3.5,3,3.5,3.5,4,2.5,4,3.5,1,Scott,Free salad,0,0,1,0,0,0,1,0,0,0,0,0,0,0,0,0,0,0,0,1,1,0,0,0,0,0,0,0,0,0,0,0,0
54,Cancun Mexican & Seafood,California,3/20/2016,Encinitas,1766 N Coast Hwy,http://cancunmexicanandseafood.com/,4.5,4.1,6.99,4,,,,,,4,4.5,4,3.5,4,2.5,2,4,4,4.2,0,Scott,A bit small,0,0,0,1,1,1,0,0,0,0,0,0,0,0,0,0,0,0,0,0,0,0,0,0,0,0,0,0,0,0,0,0,0
55,Cancun Mexican & Seafood,California,9/9/2016,Encinitas,1769 N Coast Hwy,http://cancunmexicanandseafood.com/,4.5,4.1,6.99,4,,,19.5,22,0.75,3,4.5,4,4,3.5,3,4,4,5,4,1,Emily,,0,0,0,1,1,1,0,0,0,0,0,0,0,0,0,0,0,0,0,0,0,0,0,0,0,0,0,0,0,0,0,0,0
145,Cancun Mexican & Seafood,California ,11/17/2016,Encinitas,1770 N Coast Hwy,http://cancunmexicanandseafood.com/,4.5,4.1,6.99,4.3,,,,,,4.8,5,4,4.4,5,4,4.3,4.3,5,4.5,1,Scott,Sour cream is surprisingly good. Avocado salsa works very well on the burrito,0,0,0,1,1,1,0,0,0,0,0,0,0,0,0,0,0,0,0,0,0,0,0,0,0,0,0,0,0,0,0,0,0
146,Cancun Mexican & Seafood,California ,11/17/2016,Encinitas,1771 N Coast Hwy,http://cancunmexicanandseafood.com/,4.5,4.1,6.99,4,,,,,,4.5,4.5,4,4.5,4,4,3.5,4.5,5,4.5,1,Emily,,0,0,0,1,1,1,0,0,0,0,0,0,0,0,0,0,0,0,0,0,0,0,0,0,0,0,0,0,0,0,0,0,0
315,Cancun Mexican & Seafood,Machaca,3/20/2016,Encinitas,1767 N Coast Hwy,http://cancunmexicanandseafood.com/,4.5,4.1,5.99,3,,,,,,4,3.5,3.5,4,3.5,3.5,2,3.5,0.5,3.9,0,Emily,So hot! Egg is surprisingly good,0,0,0,0,0,0,0,0,0,0,0,0,0,0,1,0,0,0,0,0,1,0,0,0,0,0,0,1,0,0,0,0,0
6,Carmen's Mexican Food,Adobada,8/19/2016,Clairemont,4937 Diane Ave,https://www.yelp.com/biz/carmens-authentic-mexican-food-san-diego,4,4.2,6.5,3.5,,,20.5,20.5,0.69,2.5,4,3.5,4,4,3,1.5,3.5,5,3.6,1,Scott,really good guac,0,0,1,0,0,0,1,0,0,0,0,1,0,0,0,0,0,0,0,1,1,0,0,0,0,0,0,0,0,0,0,0,0
206,Carmen's Mexican Food,Carne asada,8/19/2016,Clairemont,4938 Diane Ave,https://www.yelp.com/biz/carmens-authentic-mexican-food-san-diego,4,4.2,6.5,5,,,21,21,0.74,4.5,4.5,3.5,4,4,3.5,4,4,4,4,1,Brent,,0,1,1,0,0,0,0,0,0,0,0,0,0,0,0,0,0,0,0,0,0,0,0,0,0,0,0,0,0,0,0,0,0
240,Chipotle,Carnitas,9/13/2016,Carlsbad,2505 Palomar airport Rd,https://www.yelp.com/biz/chipotle-mexican-grill-carlsbad,3,4.2,7.15,4,,,16.5,26.5,0.92,2.5,2.5,3,2.8,2.5,3.5,,3,3.5,2.75,1,Emily,,0,1,0,0,0,1,1,0,0,0,1,1,0,0,1,0,0,0,0,0,0,0,0,0,0,0,0,0,0,0,0,1,0
37,Colima's Mexican Food,Bandido,3/3/2016,North park,2303 University Ave,https://www.yelp.com/biz/colimas-mexican-food-san-diego,4,4.2,6.49,4.5,,,,,,3,5,4,4,5,4,2.5,4.5,4,4,0,Sage,,0,0,0,0,0,0,0,0,0,0,1,1,0,0,0,0,0,1,0,0,0,0,0,0,1,0,0,0,0,0,0,0,0
38,Colima's Mexican Food,Bandido,3/3/2016,North park,2304 University Ave,https://www.yelp.com/biz/colimas-mexican-food-san-diego,4,4.2,6.49,4.5,,,,,,3,4.5,3.5,3.5,3.5,3,3,3,4,3,0,Eli,Promising start but finished poorly,0,0,0,0,0,0,0,0,0,0,1,1,0,0,0,0,0,1,0,0,0,0,0,0,1,0,0,0,0,0,0,0,0
292,Colima's Mexican Food,Hawaiian,3/3/2016,North park,2302 University Ave,https://www.yelp.com/biz/colimas-mexican-food-san-diego,4,4.2,6.29,3.5,,,,,,3.5,5,4,4,3.5,4.5,3.5,3.5,4,4,0,Scott,,0,0,0,1,0,0,1,0,0,0,0,0,0,0,0,0,0,0,0,0,0,0,1,1,0,0,0,0,0,0,0,0,0
147,Cortez Mexican Food,California ,10/7/2016,Bonsall,5517 Mission Rd,https://www.yelp.com/biz/cortez-mexican-food-bonsall,4.2,4,6.25,4,,,22.5,18,0.58,3.5,4,2.5,3,1.5,2.5,2.5,2.8,5,3.2,0,Scott ,,0,1,1,1,1,1,0,0,0,0,0,0,0,0,0,0,0,0,0,0,0,0,0,0,0,0,0,0,0,0,0,0,0
56,Cotixan,California,2/23/2017,Clairemont,4370 Genessee Ave,https://www.yelp.com/biz/cotixan-mexican-and-seafood-san-diego,4,4,7.19,4.5,,,20,24,0.92,4,2,3,3.8,3.5,2,4,4,4,3.5,0,Scott,,0,0,0,0,0,0,0,0,0,0,0,0,0,0,0,0,0,0,0,0,0,0,0,0,0,0,0,0,0,0,0,0,0
57,Cotixan,California,6/16/2017,Clairemont,4371 Genessee Ave,https://www.yelp.com/biz/cotixan-mexican-and-seafood-san-diego,4,4,6.9,4.3,550,0.6875,19,23,0.8,3,3,3.5,3.5,3.5,3.5,3.8,4,5,3.7,0,Scott,,0,0,0,0,0,0,0,0,0,0,0,0,0,0,0,0,0,0,0,0,0,0,0,0,0,0,0,0,0,0,0,0,0
58,Don Carlos Taco Shop,California,5/9/2017,La Jolla,737 Pearl St,https://www.yelp.com/biz/don-carlos-taco-shop-la-jolla,4,4.5,7.75,5,,,18,22.5,0.73,3.5,4.2,3.3,3.7,4,4,2.9,3,5,3.7,0,Scott ,,0,1,0,1,1,1,0,0,0,0,0,0,0,0,0,0,0,0,0,0,0,0,0,0,0,0,0,0,0,0,0,0,0
59,Don Carlos Taco Shop,California,5/9/2017,La Jolla,738 Pearl St,https://www.yelp.com/biz/don-carlos-taco-shop-la-jolla,4,4.5,7.75,2.5,,,20,22.5,0.81,4,4,2.6,3.6,4,4,3.6,4,4,2.9,0,Luis,,0,1,0,1,1,1,0,0,0,0,0,0,0,0,0,0,0,0,0,0,0,0,0,0,0,0,0,0,0,0,0,0,0
25,Donato's Taco Shop,Al Pastor,11/1/2016,Miramar,6781 Miramar Rd,http://donatostacoshop.net/,3.5,4.2,5.99,4,,,19.5,21.5,0.72,3,4.5,3.7,2.8,5,4.5,3,2.3,4.5,3,0,Scott,,0,1,1,0,0,0,1,0,0,0,0,0,0,0,0,0,0,0,0,0,0,0,0,0,0,0,0,0,0,0,0,0,0
148,Donato's Taco shop,California ,1/18/2016,Miramar,6780 Miramar Rd,http://donatostacoshop.net/,3.5,4.2,6.49,3,,,,,,3,5,3,3.5,4,4,4,4,4,3.8,0,Scott,good fries: 4/5,0,1,1,1,1,0,0,0,0,0,0,0,0,0,0,0,0,0,0,0,0,0,0,0,0,0,0,0,0,0,0,0,0
207,Donato's Taco Shop,Carne asada,11/1/2016,Miramar,6782 Miramar Rd,http://donatostacoshop.net/,3.5,4.2,5.99,2,,,21,23.5,0.92,2,4,4.5,4,4,3,4,4,2,4,1,Elynn,,0,1,1,0,0,0,0,0,0,0,0,0,0,0,0,0,0,0,0,0,0,0,0,0,0,0,0,0,0,0,0,0,0
149,El Cuervo,California ,9/22/2016,Hillcrest,110 Washington St,https://www.yelp.com/biz/el-cuervo-taco-shop-san-diego,4,4.3,6.95,3.5,,,20,21.5,0.74,3.5,3.5,3,4,3,3,4.5,3.5,2,3.6,1,Scott,Alfajores dessert and horchata are super good,0,1,1,1,1,1,0,0,0,0,0,0,0,0,0,0,0,0,0,0,0,0,0,0,0,0,0,0,0,0,0,0,0
326,El Cuervo,Adobado,9/22/2016,Hillcrest,111 Washington St,https://www.yelp.com/biz/el-cuervo-taco-shop-san-diego,4,4.3,5.95,4,,,20.5,20,0.65,3.5,5,4.5,3.5,4,4.5,4.5,4,5,4,1,Richard,First burrito I enjoyed from top to bottom,0,0,1,0,0,0,1,0,0,0,0,0,0,0,0,0,0,0,0,0,0,0,0,0,0,0,0,0,0,0,0,0,0
60,El Dorado Mexican Food,California,6/16/2016,Temecula,29000 Old Town Front St,https://www.yelp.com/biz/el-dorado-mexican-food-temecula,4.5,4,6.94,4,,,,,,4,4,4,4.5,3.2,3,4.5,4.5,2,4.5,1,Scott,Salsa verde has an interesting hint of garlic,0,0,1,1,1,1,0,0,0,0,0,0,0,0,0,0,0,0,0,0,0,0,0,0,0,0,0,0,0,0,0,0,0
61,El Dorado Mexican Food,California,5/26/2017,Temecula,29002 Old Town Front St,https://www.yelp.com/biz/el-dorado-mexican-food-temecula,4.5,4,7.4,3.3,,,19.5,24.5,0.93,5,4,4.2,3.5,2.9,3,4,4,4,4,0,Scott,,0,0,0,0,0,0,0,0,0,0,0,0,0,0,0,0,0,0,0,0,0,0,0,0,0,0,0,0,0,0,0,0,0
62,El Dorado Mexican Food,California,5/26/2017,Temecula,29003 Old Town Front St,https://www.yelp.com/biz/el-dorado-mexican-food-temecula,4.5,4,7.4,3.5,,,19.5,26.5,1.09,4.5,4,4,3.5,3,3,2.5,4,3.8,3.8,0,Emily,,0,0,0,0,0,0,0,0,0,0,0,0,0,0,0,0,0,0,0,0,0,0,0,0,0,0,0,0,0,0,0,0,0
339,El Dorado Mexican Food,Super,6/16/2016,Temecula,29001 Old Town Front St,https://www.yelp.com/biz/el-dorado-mexican-food-temecula,4.5,4,6.94,3.75,,,,,,3.5,3.5,3.5,3.5,4,4,4.5,3.5,4.5,3.8,1,Emily,,0,0,1,1,0,1,0,0,0,0,0,0,0,0,0,0,0,0,1,0,0,0,0,0,0,0,0,0,0,0,0,0,0
63,El Indio,California,3/17/2016,San Diego,3695 India St,http://elindiosandiego.com/,3.5,3.9,7.84,4,,,,,,4,4,3.5,4,4.5,4,3.5,3.5,4.5,4,0,Scott,,0,0,1,1,1,0,0,0,0,0,0,0,0,0,0,0,0,0,0,0,0,0,0,0,0,0,0,0,0,0,0,0,0
283,El Nopalito ,Especial ,6/1/2016,Encinitas,582 Santa Fe Dr,https://www.yelp.com/biz/el-nopalito-encinitas,4,4,4.87,2,,,19,23.5,0.83,3,4,1.5,2,3,5,3,2.5,5,2.6,0,Scott,"It's pretty good for what it is, but just not the best ingredients for a burrito. also Few white people",0,0,1,1,0,0,0,0,0,0,1,1,1,1,0,0,0,0,0,0,0,0,0,0,0,0,0,0,0,0,0,0,0
332,El Nopalito ,Ranchero steak,6/1/2016,Encinitas,583 Santa Fe Dr,https://www.yelp.com/biz/el-nopalito-encinitas,4,4,4.87,2.5,,,19.5,20.5,0.65,3.5,3,2.5,2.4,3.5,4.5,3,3,1.5,2.6,0,Emily,,0,0,0,0,0,0,0,0,0,0,0,0,0,0,0,0,0,0,0,0,0,0,0,0,0,0,0,0,0,0,0,0,0
268,El Pollo Loco,Chicken avocado,11/27/2016,Oceanside,3500 College Blvd,https://www.yelp.com/biz/el-pollo-loco-oceanside-5,3.5,4.1,5.99,3.5,,,17.5,21,0.61,2,3,3.8,2.5,2.5,3,2.5,3,2.6,3.2,0,Scott,,0,0,1,0,0,0,0,1,0,0,0,0,0,0,0,0,1,0,0,1,0,0,0,0,0,0,0,0,0,0,0,0,0
241,El Portal Fresh Mexican Grill,Carnitas,11/6/2016,Clairemont,4102 Genesee Ave,https://www.yelp.com/biz/el-portal-fresh-mexican-grill-san-diego,4,4.4,6.7,3.75,,,18,22.5,0.73,3.5,4,4,3,3.75,4,3,3.5,4.5,3.75,1,Emily,,0,1,1,0,0,0,1,0,0,0,0,0,0,0,0,0,0,0,0,0,0,0,0,0,0,0,0,0,0,0,0,0,0
316,El Portal Fresh Mexican Grill,Mahi,11/6/2016,Clairemont,4101 Genesee Ave,https://www.yelp.com/biz/el-portal-fresh-mexican-grill-san-diego,4,4.4,7.35,2.3,,,19.5,23.5,0.86,4,4,3.5,2,1.5,2,2,3,1.2,3.1,0,Scott,,0,0,1,0,0,0,0,0,0,1,0,0,0,1,0,0,1,0,0,0,0,0,0,0,0,0,0,0,0,0,0,0,0
64,El Pueblo Mexican Food,California,8/10/2016,Cardiff ,820 Birmingham Dr,https://www.yelp.com/biz/el-pueblo-authentic-mexican-food-cardiff-by-the-sea,4,4.7,4.99,4,,,19,21,0.67,4.5,4.5,3.5,4,4.5,5,2.5,4.5,5,4.3,1,Scott,,0,1,0,1,1,0,0,0,0,0,0,0,0,0,0,0,0,0,0,0,0,0,0,0,0,0,0,0,0,0,0,0,0
199,El Rey Moro,Surf & Turf,6/9/2016,Clairemont,4471 Clairemont Mesa Blvd,https://www.yelp.com/biz/el-rey-moro-taco-shop-san-diego,4,3.8,9.19,2.8,,,20.5,23.5,0.9,3.5,4.5,4,3.5,5,4.5,3,3.5,5,4,1,Scott,shrimp is really good. too much chipotle sauce,0,0,1,1,1,0,0,0,1,0,0,0,0,0,0,0,0,1,0,0,0,0,0,0,0,0,0,0,0,0,0,0,0
290,El Rey Moro,Hashbrown,8/20/2017,Clairemont,4472 Clairemont Mesa Blvd,https://www.yelp.com/biz/el-rey-moro-taco-shop-san-diego,4,3.8,6.47,4,450,0.625,22.5,20,0.72,3,3,2,2.5,1.5,2.5,2.5,3,5,3.2,0,Scott,,0,0,0,0,0,0,0,0,0,0,0,0,0,0,0,0,0,0,0,0,0,0,0,0,0,0,0,0,0,0,0,0,0
291,El Rey Moro,Hashbrown,8/20/2017,Clairemont,4473 Clairemont Mesa Blvd,https://www.yelp.com/biz/el-rey-moro-taco-shop-san-diego,4,3.8,8.94,3.5,,,21.5,22,0.83,2.5,3.5,3.5,3.5,3.5,4,3,3.5,4.5,3.8,0,Emily,,0,0,0,0,0,0,0,0,0,0,0,0,0,0,0,0,0,0,0,0,0,0,0,0,0,0,0,0,0,0,0,0,0
7,El Torrito Foods,Adobada,9/25/2016,Vista,250 Emerald Dr,https://www.yelp.com/biz/el-torito-foods-vista-3,4,4.4,3.99,4.5,,,22.5,19.5,0.68,3.5,4,3,2.5,2.8,4,2.5,2.5,5,2.6,0,Emily,tamale isn't good,0,0,0,0,0,0,1,0,0,0,1,1,0,0,0,0,0,0,0,1,1,0,0,0,0,0,0,0,0,0,0,0,0
30,El Torrito Foods,Carnde Asada,9/25/2016,Vista,249 Emerald Dr,https://www.yelp.com/biz/el-torito-foods-vista-2,4,4.4,5.49,4,,,23.5,19,0.68,3,5,3,3,2.5,4,3.5,3,5,3.1,1,Scott,Good because so cheap,0,0,0,0,0,0,0,0,0,0,1,1,0,0,0,0,0,0,0,1,1,0,0,0,0,0,0,0,0,0,0,0,0
32,El Zarape,Azteca,3/14/2016,University Heights,4644 Park Blvd,https://www.yelp.com/biz/el-zarape-san-diego,4,4.4,6.25,3.75,,,,,,3,5,5,4.5,4,4,1.5,3,5,3,0,Jake,,0,1,0,1,0,0,0,0,0,0,0,1,0,0,0,0,0,0,0,0,0,0,0,0,0,1,0,0,0,0,0,0,0
65,El Zarape,California,3/14/2016,University Heights,4642 Park Blvd,https://www.yelp.com/biz/el-zarape-san-diego,4,4.4,6.25,0.5,,,,,,3,5,4,2.75,4,1.6,3.5,3.4,5,3.33333,0,Kelsey,,0,1,1,1,1,0,0,0,0,0,0,0,0,0,0,0,0,0,0,0,0,0,0,0,0,0,0,0,0,0,0,0,0
66,El Zarape,California,11/8/2016,University Heights,4647 Park Blvd,https://www.yelp.com/biz/el-zarape-san-diego,4,4.4,6.25,4,,,17,19.5,0.51,2.5,4,3.75,4,3.75,5,4,4,5,3.9,1,Scott,,0,1,1,1,1,1,0,0,0,0,0,0,0,0,0,0,0,0,0,0,0,0,0,0,0,0,0,0,0,0,0,0,0
67,El Zarape,California,11/8/2016,University Heights,4648 Park Blvd,https://www.yelp.com/biz/el-zarape-san-diego,4,4.4,6.25,4,,,17,22,0.65,3,,4,4,4,4,2,3,5,4,1,Ant,,0,1,1,1,1,1,0,0,0,0,0,0,0,0,0,0,0,0,0,0,0,0,0,0,0,0,0,0,0,0,0,0,0
68,El Zarape,California,11/8/2016,University Heights,4649 Park Blvd,https://www.yelp.com/biz/el-zarape-san-diego,4,4.4,6.25,3,,,,,,4,4,2,2,4,3,3,3,5,3,0,Erik,,0,1,1,1,1,1,0,0,0,0,0,0,0,0,0,0,0,0,0,0,0,0,0,0,0,0,0,0,0,0,0,0,0
178,El Zarape,California ,3/14/2016,University Heights,4643 Park Blvd,https://www.yelp.com/biz/el-zarape-san-diego,4,4.4,6.25,3,,,,,,3.5,5,2.5,2.5,4,2.7,3.5,3,5,2.5,0,Sage,,0,1,1,1,1,0,0,1,0,0,0,0,0,0,0,0,0,0,0,0,0,0,0,0,0,0,0,0,0,0,0,0,0
238,El Zarape,Carne asada,11/8/2016,University Heights,4650 Park Blvd,https://www.yelp.com/biz/el-zarape-san-diego,4,4.4,6.25,4,,,18,21,0.63,4,4,,3.5,3.5,4,4,4,4,4,1,Tom,,0,0,0,0,0,0,0,0,0,0,0,0,0,0,0,0,0,0,0,0,0,0,0,0,0,0,0,0,0,0,0,0,0
301,El Zarape,Lobster,3/14/2016,University Heights,4645 Park Blvd,https://www.yelp.com/biz/el-zarape-san-diego,4,4.4,9.5,3,,,,,,3,3,4,3,3.5,4.5,3.5,3,3.5,3.2,0,Scott,quite small,0,0,0,0,0,0,0,0,0,0,0,0,0,1,0,0,1,1,0,0,0,0,0,0,0,0,1,0,0,0,0,0,0
340,El Zarape,Supreme chicken,4/16/2018,University Heights,4651 Park Blvd,https://www.yelp.com/biz/el-zarape-san-diego,4,4.4,7.5,4,,,18,22,0.69,4,4,3.5,4.2,4.5,4.3,3,4,4.5,3.8,0,Tom,,0,0,1,1,0,0,0,1,0,0,1,1,0,0,0,0,0,0,0,0,0,0,0,0,0,0,0,0,0,0,0,0,0
48,Famoso Mexican Street Food,Cali Diablo,11/14/2016,Downtown,815 C St,https://www.yelp.com/biz/famoso-mexican-street-food-san-diego-20,4.5,3.9,10.5,3,,,20,27,1.16,2,2.5,3.3,3.5,1.5,4,2.5,2.5,3,3.1,0,Scott,Big roach on the floor while eating. Good prep took quite a long time. Cut in half!,0,1,1,1,1,1,0,0,1,0,0,0,0,0,0,0,0,1,0,0,0,0,0,0,0,0,0,0,0,0,0,0,0
8,Filiberto's,Adobada,5/2/2017,Encinitas,476 S Coast Hwy 101,https://www.yelp.com/biz/filibertos-encinitas-2,3,3.8,6.25,4.4,,,,,,4.2,4.5,4,3,5,3.8,2.5,3,5,3.7,0,Scott,,0,1,1,0,0,0,1,0,0,0,0,0,0,0,0,0,0,0,0,0,0,0,0,0,0,0,0,0,0,0,0,0,0
69,Filiberto's,California,5/2/2017,Encinitas,477 S Coast Hwy 101,https://www.yelp.com/biz/filibertos-encinitas-3,3,3.8,6.25,3,,,,,,4.5,4.5,3.7,3.5,4,3.5,3,4,4.5,4,0,Emily,,0,0,0,0,0,0,0,0,0,0,0,0,0,0,0,0,0,0,0,0,0,0,0,0,0,0,0,0,0,0,0,0,0
47,Gloria's Taco Shop,Cabeza,12/2/2016,South Park,1234 28th St,https://www.yelp.com/biz/glorias-taco-shop-san-diego,4,4.3,5.49,3,,,19,20.5,0.64,4.5,5,2,2,2.5,3.5,3,2.5,3,2,0,Richard,Meat is squishy,0,0,0,0,0,0,0,0,0,0,0,0,0,0,0,0,0,0,0,0,0,0,0,0,0,0,0,0,0,0,0,0,0
150,Gloria's Taco Shop,California ,12/2/2016,South Park,1233 28th St,https://www.yelp.com/biz/glorias-taco-shop-san-diego,4,4.3,5.65,3,,,19.5,22,0.75,4,1.5,2,3,4.2,4,3,2,4.5,2.7,0,Scott,Horchata tasted like bubble gum,0,0,0,0,0,0,0,0,0,0,0,0,0,0,0,0,0,0,0,0,0,0,0,0,0,0,0,0,0,0,0,0,0
278,Goody's,Custom,5/20/2016,La Jolla,9500 Gilman Drive,https://www.yelp.com/biz/goodys-place-and-market-la-jolla,3.5,4.1,7.25,3.5,,,18.5,22.5,0.75,1.5,1,2,2,2,2,2,2,1,1.8,0,Scott,Grocery store tortilla; cold guac,0,1,1,1,0,0,0,0,0,0,1,1,0,0,0,0,0,0,1,0,0,0,0,0,0,0,0,0,0,0,0,0,0
14,Graciela's Taco Shop,Adobada ,2/14/2016,Bonita,5047 Central Ave,https://www.yelp.com/biz/gracielas-taco-shop-bonita-2,4,4.5,5.99,3,,,,,,4,4,3,3.5,4,4.5,4,4,4.5,4,0,Scott,Salsa verde spicy,0,0,0,0,0,0,1,0,0,0,0,1,0,0,0,0,0,0,1,1,1,0,0,0,0,0,0,0,0,0,0,0,0
39,Graciela's Taco Shop,Barbacoa,2/14/2016,Bonita,5048 Central Ave,https://www.yelp.com/biz/gracielas-taco-shop-bonita-3,4,4.5,5.99,2,,,,,,3.5,4,3.5,,4,,4,4,1.5,4,0,Emily,,0,0,0,0,0,0,0,0,0,0,0,0,0,0,0,0,0,0,0,1,1,0,0,0,0,0,0,0,0,0,0,0,0
151,Jorge's Mexicatessen,California ,4/24/2016,Encinitas ,267 N El Camino Real,https://www.yelp.com/biz/jorges-mexicatessen-encinitas,4,4.5,5.95,3.5,,,20,22,0.77,2.5,2.5,3.5,4,3,4.5,4,4.5,4.5,3.8,1,Scott,"Cheese should be melted, potatoes are very good",0,0,0,1,1,1,0,0,0,0,0,0,0,0,0,0,0,0,0,0,0,0,0,0,0,0,0,0,0,0,0,0,0
275,Jorge's Mexicatessen,Chimichanga beef,4/24/2016,Encinitas ,268 N El Camino Real,https://www.yelp.com/biz/jorges-mexicatessen-encinitas,4,4.5,5.5,3,,,,,,2,4,3,3,3,4,3.5,3.5,,3,0,Emily,,0,1,1,1,0,1,0,0,0,0,1,1,0,0,0,0,0,1,0,0,0,0,0,0,0,0,0,0,0,0,0,0,0
70,Jose's Taco,California,10/5/2016,Oceanside,3910 Vista Way,https://www.yelp.com/biz/joses-taco-oceanside,4,3.8,6.1,4,,,22,22,0.85,3.5,3.5,2,3.5,4.5,3.5,3,3.5,4,3.3,0,Scott ,,0,0,1,1,1,0,0,0,0,0,0,0,0,0,0,0,0,0,0,0,0,0,0,0,0,0,0,0,0,0,0,0,0
29,Juanita's Taco Shop,Arizona,5/18/2016,Encinitas ,291 N Coast Hwy 101,https://www.yelp.com/biz/juanitas-taco-shop-encinitas,4,4.5,5.55,2.5,,,20.5,22.5,0.83,4.5,4,3.5,4,3.5,4,3,4,5,3.9,1,Emily,,0,1,1,0,1,0,0,0,0,0,0,0,0,0,0,0,0,0,0,0,0,0,0,0,0,0,0,0,0,0,0,0,0
152,Juanita's Taco Shop,California ,5/18/2016,Encinitas ,290 N Coast Hwy 101,https://www.yelp.com/biz/juanitas-taco-shop-encinitas,4,4.5,5.55,3.5,,,17.5,23,0.74,4,4.5,3,3,5,3,4,3,5,3.5,1,Scott,,0,0,0,1,1,1,0,0,0,0,0,0,0,0,0,0,0,0,0,0,0,0,0,0,0,0,0,0,0,0,0,0,0
208,JV's Mexican Food,Carne asada,2/6/2016,Morena,1112 Morena Blvd,http://jvsmexfood.com/,4,4.1,6.25,3.5,,,,,,2.5,1.5,1.5,3,4.5,3,1.5,2,4.5,2,0,Scott,,0,1,1,0,0,0,0,0,0,0,0,0,0,0,0,0,0,0,0,0,0,0,0,0,0,0,0,0,0,0,0,0,0
345,JV's Mexican Food,Surf & Turf,2/6/2016,Morena,1113 Morena Blvd,http://jvsmexfood.com/,4,4.1,9.5,2,,,,,,2.5,2.5,2.75,2.5,2.5,2,0.5,3,3.5,2.5,0,Emily,Huge. Shrimp is good. Meat is normal,0,0,1,0,0,0,0,0,1,0,1,0,0,0,1,0,0,0,0,0,0,0,0,0,0,0,0,0,0,0,0,0,0
45,Karina's Taco Shop ,Bomb,5/15/2016,Encinitas ,916 N Coast Hwy 101,https://www.yelp.com/biz/karinas-taco-shop-encinitas,4,4.2,7.99,3,,,25.5,23,1.07,4,4,4,3.5,2.5,3.5,4,3.5,2.5,3.7,1,Scott,,0,0,1,1,1,1,0,0,0,0,0,0,0,0,0,0,0,0,0,0,0,1,0,0,0,0,0,0,0,0,0,0,0
153,Karina's Taco Shop ,California ,5/15/2016,Encinitas ,917 N Coast Hwy 101,https://www.yelp.com/biz/karinas-taco-shop-encinitas,4,4.2,6.99,2.5,,,21.5,22.125,0.84,3.5,4,3.5,3.5,3,1,4,4,4.5,3.8,1,Emily,,0,0,0,1,1,1,0,0,0,0,0,0,0,0,0,0,0,0,0,0,0,0,0,0,0,0,0,0,0,0,0,0,0
9,King Burrito,Adobada,8/16/2016,Oceanside,3490 Marron Rd,https://www.yelp.com/biz/king-burrito-oceanside-2,4,3.9,4.99,3.5,,,23,19,0.66,3,3,3,3,2.5,2,2.5,3,4,2.8,0,Emily,Too much tortilla per bite,0,1,1,0,0,0,1,0,0,0,0,0,0,0,0,0,0,0,0,0,0,0,0,0,0,0,0,0,0,0,0,0,0
71,King Burrito,California,8/16/2016,Oceanside,3491 Marron Rd,https://www.yelp.com/biz/king-burrito-oceanside-3,4,3.9,5.29,3.5,,,22.5,20.5,0.75,2.5,4.5,2,3,2.5,1.5,3,2,4.5,2.5,0,Scott,it does taste homemade. but that's not a good thing,0,1,0,1,1,0,0,0,0,0,0,0,0,0,0,0,0,0,0,0,0,0,0,0,0,0,0,0,0,0,0,0,0
72,Kotija Jr,California,8/19/2017,Del Mar,2668 Del Mar Heights Rd,https://www.yelp.com/biz/kotija-jr-taco-shop-del-mar,4,4.2,6.99,4,550,0.785714286,20,21,0.7,4,5,3.5,3.8,3,2.5,3.3,4,5,3.7,0,Scott,,0,0,0,0,0,0,0,0,0,0,0,0,0,0,0,0,0,0,0,0,0,0,0,0,0,0,0,0,0,0,0,0,0
338,Kotija Jr,Steak fajitas,8/19/2017,Del Mar,2669 Del Mar Heights Rd,https://www.yelp.com/biz/kotija-jr-taco-shop-del-mar,4,4.2,7.1,3,,,21,22,0.81,3.5,5,4,4,4.5,4.75,3.75,4,5,4.2,0,Emily,,0,0,0,0,0,0,0,0,0,0,0,0,0,0,0,0,0,0,0,0,0,0,0,0,0,0,0,0,0,0,0,0,0
73,La Morena Taco Shop and Seafood,California,9/22/2016,Webster,5059 Federal Blvd,https://www.yelp.com/biz/la-morena-taco-shop-san-diego,4.5,4.7,6.35,4,,,,,,4,2.5,4,3,4.5,2,2,3,4,3,0,Erin,"Good tortilla, good amount of food, needed guac. or salsa to balance out density of fillings.",0,1,0,0,1,1,0,0,0,0,0,0,0,0,0,0,0,0,0,0,0,0,0,0,0,0,0,0,0,0,0,0,0
4,La Perla Cocina,Addiction,3/30/2016,Pacific Beach,745 Emerald St,https://www.yelp.com/biz/la-perla-cocina-mexicana-san-diego,4.5,4.7,7.99,3.5,,,,,,4,4,2,3,1.5,3,2.5,1,3,2.5,0,Scott,Bland,0,1,1,0,0,0,0,0,0,0,0,1,0,0,0,0,0,0,0,0,0,0,0,0,0,0,0,0,1,0,0,0,0
322,La Perla Cocina,Oaxacalifornia,3/30/2016,Pacific Beach,746 Emerald St,https://www.yelp.com/biz/la-perla-cocina-mexicana-san-diego,4.5,4.7,9.99,3,,,,,,4,4.5,3.5,4,3,2,2.5,3.5,4,4,0,Emily,Fries are good,0,1,1,1,1,0,0,0,0,0,0,0,0,0,0,0,0,0,0,0,0,0,0,0,0,0,0,0,0,0,0,0,0
74,Lalo's Tacos,California,8/11/2017,Hillcrest,1266 University Ave,https://www.yelp.com/biz/lalos-tacos-san-diego-2,3,3.9,7.75,3,,,,,,3.75,5,3,3.5,5,5,2,3,2.8,2.8,0,Daniel A,,0,1,1,1,1,0,0,0,0,0,0,0,0,0,0,0,0,0,0,0,0,0,0,0,0,0,0,0,0,0,0,0,0
209,Lola's 7 Up Market & Deli,Carne asada,2/29/2016,Carlsbad,3293 Roosevelt St,https://www.yelp.com/biz/lolas-7-up-market-and-deli-carlsbad,4.5,4.9,7,3.5,,,,,,2.5,3,3,4,2,2,3,3.5,3.5,3,0,Scott,Beans are surprisingly good,0,1,1,1,0,0,0,0,0,0,0,1,0,0,0,0,0,0,0,0,0,0,0,0,0,0,0,0,0,0,0,0,0
333,Lola's 7 Up Market & Deli,Shredded beef,2/29/2016,Carlsbad,3292 Roosevelt St,https://www.yelp.com/biz/lolas-7-up-market-and-deli-carlsbad,4.5,4.9,6,3.5,,,,,,2.5,2.5,3,4,4,4,3,3.5,1.5,3.8,0,Emily,Food cooks fast but checking out is painfully slow,0,1,0,1,0,0,0,0,0,0,0,1,0,0,0,0,0,0,0,0,0,0,0,0,0,0,0,0,0,0,0,0,0
1,Lolita's Taco Shop,2 in 1,2/24/2016,Kearny Mesa,7305 Clairemont Mesa Blvd,http://lolitasmexicanfood.com/,4,4.4,8.75,3.5,,,,,,1.5,2,3,3.5,4,1,3.5,4.5,4,4,0,Scott,Rolled tacos need more meat,0,0,1,1,0,0,0,0,0,0,0,0,0,0,0,0,0,0,0,0,0,1,0,0,0,0,0,0,0,0,0,0,0
2,Lolita's Taco Shop,2 in 1,5/12/2016,Kearny Mesa,7308 Clairemont Mesa Blvd,http://lolitasmexicanfood.com/,4,4.4,8.75,3,,,19,21.5,0.7,3,4,2.7,4.7,3,2.4,2,3.7,4.5,3.7,1,Bankole,,0,0,1,1,0,0,0,0,0,0,0,0,0,0,0,0,0,0,0,0,0,1,0,0,0,0,0,0,0,0,0,0,0
3,Lolita's Taco Shop,2 in 1,5/12/2016,Kearny Mesa,7309 Clairemont Mesa Blvd,http://lolitasmexicanfood.com/,4,4.4,8.75,4,,,17.78,22.225,0.7,4.5,3.8,3.8,4.5,3.4,1.5,3,3.8,4,3.8,1,Katie,,0,0,1,1,0,0,0,0,0,0,0,0,0,0,0,0,0,0,0,0,0,1,0,0,0,0,0,0,0,0,0,0,0
15,Lolita's Taco Shop,Adobada,2/24/2016,Kearny Mesa,7306 Clairemont Mesa Blvd,http://lolitasmexicanfood.com/,4,4.4,5.5,2.5,,,,,,1.5,2.5,3.5,3,4,1.5,2.5,3.5,4.5,3.5,0,Emily,Adobado reminds me of Indian food because of some mystery spice,0,1,1,0,0,0,1,0,0,0,0,0,0,0,0,0,0,0,0,0,0,0,0,0,0,0,0,0,0,0,0,0,0
42,Lolita's Taco Shop,Bean and cheese,5/27/2016,Kearny Mesa,7312 Clairemont Mesa Blvd,http://lolitasmexicanfood.com/,4,4.4,3.5,1,,,16,20,0.51,3.5,4.5,,3,,4,3,2.5,4,2.7,0,Scott,,0,0,0,1,0,0,0,0,0,0,0,1,0,0,0,0,0,0,0,0,0,0,0,0,0,0,0,0,0,0,0,0,0
75,Lolita's Taco Shop,California,5/12/2016,Kearny Mesa,7307 Clairemont Mesa Blvd,http://lolitasmexicanfood.com/,4,4.4,7,3.5,,,17.5,24.5,0.84,3,5,3,3.5,3,1.5,3,3,4,3.3,0,Scott,,0,0,0,1,1,1,0,0,0,0,0,0,0,0,0,0,0,0,0,0,0,0,0,0,0,0,0,0,0,0,0,0,0
76,Lolita's Taco Shop,California,6/23/2016,Kearny Mesa,7313 Clairemont Mesa Blvd,http://lolitasmexicanfood.com/,4,4.4,7,2.2,,,18,25,0.9,2.8,3,3,2,2,4.5,2,1.5,4.5,2.3,0,Scott,,0,0,0,1,1,1,0,0,0,0,0,0,0,0,0,0,0,0,0,0,0,0,0,0,0,0,0,0,0,0,0,0,0
77,Lolita's Taco Shop,California,6/23/2016,Kearny Mesa,7314 Clairemont Mesa Blvd,http://lolitasmexicanfood.com/,4,4.4,7,3.5,,,18,23.5,0.79,4,4,4,3,4,5,4,4,5,4,1,Cris,,0,0,0,1,1,1,0,0,0,0,0,0,0,0,0,0,0,0,0,0,0,0,0,0,0,0,0,0,0,0,0,0,0
78,Lolita's Taco Shop,California,6/23/2016,Kearny Mesa,7315 Clairemont Mesa Blvd,http://lolitasmexicanfood.com/,4,4.4,7,3,,,19,24,0.87,3.5,2,3,4,2,4,3,3,4,3,0,Matt,,0,0,1,1,1,1,0,0,0,0,0,0,0,0,0,0,0,0,0,0,0,0,0,0,0,0,0,0,0,0,0,0,0
79,Lolita's Taco Shop,California,1/2/2018,Kearny Mesa,7317 Clairemont Mesa Blvd,http://lolitasmexicanfood.com/,4,4.4,7.25,4,,,,,,4,5,4,5,5,3,3,4,5,3.5,1,Ben S,,0,0,0,0,0,0,0,0,0,0,0,0,0,0,0,0,0,0,0,0,0,0,0,0,0,0,0,0,0,0,0,0,0
210,Lolita's Taco Shop,Carne asada,5/27/2016,Kearny Mesa,7310 Clairemont Mesa Blvd,http://lolitasmexicanfood.com/,4,4.4,6.25,4,,,15,20.5,0.5,1.5,2.5,3,4.5,4,2,2.75,3.75,3,2.6,0,Scott,Way too small,0,1,1,0,0,0,0,0,0,0,0,0,0,0,0,0,0,0,0,0,0,0,0,0,0,0,0,0,0,0,0,0,0
318,Lolita's Taco Shop,Mixed,6/23/2016,Kearny Mesa,7316 Clairemont Mesa Blvd,http://lolitasmexicanfood.com/,4,4.4,8.25,4,,,,,,4,3,4,4,4,5,3,4,5,3.5,1,Marc,,0,0,1,1,0,0,0,0,0,0,0,1,0,0,0,0,0,0,0,0,0,0,0,0,0,0,0,0,0,0,0,0,0
334,Lolita's Taco Shop,Shrimp,5/27/2016,Kearny Mesa,7311 Clairemont Mesa Blvd,http://lolitasmexicanfood.com/,4,4.4,8.95,3.5,,,18.5,25,0.92,3,3,4,4,3.5,3.5,2.5,4,0.5,3,1,Emily,,0,1,0,0,0,0,0,0,1,0,0,0,1,0,0,0,0,1,0,0,0,0,0,0,0,0,0,0,0,0,0,0,0
17,Los Cabos,Al Pastor,8/27/2016,San Marcos,166 S Rancho Santa Fe Rd,https://www.yelp.com/biz/los-cabos-san-marcos,4,4.1,5.69,3,,,17.5,23.5,0.77,4,4.5,3,3.5,4,3.5,2.5,4,4.5,4,1,Emily,Really good with lime,0,0,1,0,0,0,1,0,0,0,0,0,0,0,0,0,0,0,0,1,1,0,0,0,0,0,0,0,0,0,0,0,0
80,Los Cabos,California,8/27/2016,San Marcos,165 S Rancho Santa Fe Rd,https://www.yelp.com/biz/los-cabos-san-marcos,4,4.1,5.99,4,,,18.5,21,0.65,4,4.5,2.5,2.5,2.5,1.5,3,4,5,3,0,Scott,Repeatedly get large bites of sour cream,0,0,0,1,1,1,0,0,0,0,0,0,0,0,0,0,0,0,0,0,0,0,0,0,0,0,0,0,0,0,0,0,0
81,Los Palmitos,California,4/23/2017,Clairemont,5145 Clairemont Mesa Blvd,https://www.yelp.com/biz/los-palmitos-taco-shop-san-diego,4,4.1,7.1,4,,,22.5,23,0.95,4.5,5,3.8,3.8,4,4,3.9,4.3,5,4.3,0,Scott,red-orange salsa has a slight fruity flavor that's really good,0,0,0,1,1,1,0,0,0,0,0,0,0,0,0,0,0,0,0,0,0,0,0,0,0,0,0,0,0,0,0,0,0
346,Los Palmitos,Surf & Turf,4/23/2017,Clairemont,5146 Clairemont Mesa Blvd,https://www.yelp.com/biz/los-palmitos-taco-shop-san-diego,4,4.1,8.25,3.5,,,20,24,0.92,3.5,4,4,3,3.5,4.5,3.5,3.5,5,3.6,0,Emily,Rice was plain. Also don't like rice in burrito,0,0,1,0,0,0,0,0,1,0,1,0,0,0,0,0,0,1,0,0,0,0,0,0,0,0,0,0,0,0,0,0,0
44,Los Panchos Taco Shop,Bitchin California,11/23/2016,Hillcrest,410 Washington St,https://www.yelp.com/biz/los-panchos-san-diego-3,3,3.4,7.25,4,,,19,24,0.87,4,4,5,4.5,4,3.5,5,4.5,5,4.4,1,Richard,,0,0,1,1,1,0,0,0,1,0,0,0,1,1,0,0,0,0,0,0,0,0,0,0,0,0,0,0,0,0,0,0,0
82,Los Panchos Taco Shop,California,11/23/2016,Hillcrest,409 Washington St,https://www.yelp.com/biz/los-panchos-san-diego-2,3,3.4,6.25,3,,,18,21.5,0.66,3.5,5,4,3,4,3,3.5,3.5,3,3.7,1,Scott,,0,1,0,1,1,1,0,0,0,0,0,0,0,0,0,0,0,0,0,0,0,0,0,0,0,0,0,0,0,0,0,0,0
369,Los Panchos Taco Shop,Tijuana,11/23/2016,Hillcrest,411 Washington St,https://www.yelp.com/biz/los-panchos-san-diego-4,3,3.4,7,3.5,,,19.5,22,0.75,4,4,3.5,4,4,3.5,4.5,4,3.5,3.7,1,Tom,,0,0,0,0,0,0,0,0,0,0,0,0,0,0,0,0,0,0,0,0,0,0,0,0,0,0,0,0,0,0,0,0,0
10,Los Primos Mexican Food,Adobada,8/6/2016,UTC,7780 Regents Rd,http://www.primosmex.com/,3,3.7,6.25,2,,,20.5,20,0.65,4,2.5,2.5,3,2,4,3.5,3,4.5,2.6,0,Scott,,0,0,0,0,0,0,0,0,0,0,0,0,0,0,0,0,0,0,0,0,0,0,0,0,0,0,0,0,0,0,0,0,0
35,Los Primos Mexican Food,Baja monster,6/3/2016,UTC,7776 Regents Rd,http://www.primosmex.com/,3,3.7,6,4,,,,,,3,3,1,4,2,2,3,2,1,2,0,Elynn,,0,1,1,0,0,0,1,0,0,0,0,1,0,0,0,0,0,0,0,0,0,0,0,0,0,0,0,0,0,0,0,0,0
36,Los Primos Mexican Food,Baja monster,6/3/2016,UTC,7777 Regents Rd,http://www.primosmex.com/,3,3.7,6,3,,,,,,4,3.5,4,4,2,4,4,4,3,3.8,1,Rob,,0,1,1,0,0,0,1,0,0,0,0,1,0,0,0,0,0,0,0,0,0,0,0,0,0,0,0,0,0,0,0,0,0
83,Los Primos Mexican Food,California,5/29/2016,UTC,7772 Regents Rd,http://www.primosmex.com/,3,3.7,7.5,4,,,,,,3,5,3.5,3.5,4,4,2.5,3,5,3.5,1,Sage,,0,1,0,1,1,0,0,1,0,0,0,0,0,1,0,0,0,0,0,0,0,0,0,0,0,0,0,0,0,0,0,0,0
84,Los Primos Mexican Food,California,6/3/2016,UTC,7774 Regents Rd,http://www.primosmex.com/,3,3.7,7,3,,,20,22,0.77,4.5,4,3.5,4,1,1,2,2,4,2.5,0,Ricardo,,0,1,1,1,1,0,0,0,0,0,0,0,0,0,0,0,0,0,0,0,0,0,0,0,0,0,0,0,0,0,0,0,0
177,Los Primos Mexican Food,California ,6/3/2016,UTC,7775 Regents Rd,http://www.primosmex.com/,3,3.7,6.25,2.5,,,18.5,22.5,0.75,3,4,3,2,1.5,1,3,1.5,3,2,0,Erin,,0,0,0,1,1,1,0,0,0,0,0,0,0,0,0,0,0,0,0,0,0,0,0,0,0,0,0,1,0,0,0,0,0
211,Los Primos Mexican Food,Carne asada,8/6/2016,UTC,7781 Regents Rd,http://www.primosmex.com/,3,3.7,7,4,,,18.5,20.5,0.62,3.5,3,2,2,1,3,3.5,1.5,4,2,0,Ricardo,,0,0,0,0,0,0,0,0,0,0,0,0,0,0,0,0,0,0,0,0,0,0,0,0,0,0,0,0,0,0,0,0,0
242,Los Primos Mexican Food,Carnitas,6/3/2016,UTC,7778 Regents Rd,http://www.primosmex.com/,3,3.7,6.35,4.5,,,18,20.5,0.6,4,4,2.5,2,3,2,2,2,3,2,0,Matteo,,0,0,1,0,0,0,1,0,0,0,0,0,0,0,0,0,0,0,0,0,0,0,0,0,0,0,0,0,0,0,0,0,0
319,Los Primos Mexican Food,Monster California,2/1/2016,UTC,7770 Regents Rd,http://www.primosmex.com/,3,3.7,9.25,3.5,,,,,,2,4.5,4.5,3.5,1.5,3,3.5,4,2,3.9,0,Scott,this tasted really bad leftover. not included in rating,0,1,1,1,1,1,0,0,0,0,0,0,0,0,0,0,0,0,0,0,0,0,0,0,0,0,0,0,0,0,0,0,0
320,Los Primos Mexican Food,Monster California,6/3/2016,UTC,7773 Regents Rd,http://www.primosmex.com/,3,3.7,9.25,3.5,,,25.5,24,1.17,2,1,3,3,1,,3,2,4,2.3,0,Scott,,0,1,1,1,1,1,0,0,0,0,0,0,0,0,0,0,0,0,0,0,0,0,0,0,0,0,0,0,0,0,0,0,0
347,Los Primos Mexican Food,Surf & Turf,8/6/2016,UTC,7779 Regents Rd,http://www.primosmex.com/,3,3.7,7,2.5,,,20.5,21.75,0.77,4,4,2,3,2,3.5,3,3,4.5,2.5,0,Emily,,0,0,0,1,0,0,0,0,0,0,0,0,0,0,1,0,0,0,0,0,1,0,0,0,0,0,0,0,0,0,0,0,0
154,Los Tacos,California ,9/18/2016,Oceanside,2171 Vista Way,https://www.yelp.com/biz/los-tacos-oceanside,4,4.2,7.9,3.5,,,20.5,23,0.86,4,5,4,4,3,4,3.5,4,4,4.2,1,Scott,Tortilla is burnt a bit but good. Pick is good,0,0,0,0,0,0,0,0,0,0,0,0,0,0,0,0,0,0,0,0,0,0,0,0,0,0,0,0,0,0,0,0,0
287,Los Tacos,Fusion,1/7/2017,Oceanside,2173 Vista Way,https://www.yelp.com/biz/los-tacos-oceanside,4,4.2,8.5,3.9,,,21,21,0.74,3,4.5,4.1,3,3.7,4,4.3,4.2,5,3.9,1,Scott,Fresca and verde salsas are the best,0,0,0,0,0,0,0,0,0,0,0,0,0,0,0,0,0,0,0,0,0,0,0,0,0,0,0,0,0,0,0,0,0
288,Los Tacos,Fusion,6/5/2016,Oceanside,2184 Vista Way,https://www.yelp.com/biz/los-tacos-oceanside,4,4.2,8.5,3.5,,,18.5,21,0.65,4,4,4,3.5,4,4,4,4.5,4.5,4.2,1,Emily,,0,0,1,1,0,0,1,0,0,0,0,0,0,0,0,0,0,0,0,1,1,0,0,0,0,0,0,0,0,0,0,0,0
302,Los Tacos,Local,9/18/2016,Oceanside,2172 Vista Way,https://www.yelp.com/biz/los-tacos-oceanside,4,4.2,7.9,3.5,,,22,23,0.93,4,3.5,4.5,4.5,3.5,3.5,3.5,4,3,4.3,1,Emily,Melted cheese is good. Cilantro is fresh,0,0,0,0,0,0,0,0,0,0,0,0,0,0,0,0,0,0,0,0,0,0,0,0,0,0,0,0,0,0,0,0,0
303,Los Tacos,Local,1/7/2017,Oceanside,2174 Vista Way,https://www.yelp.com/biz/los-tacos-oceanside,4,4.2,7.9,4,,,20.5,21,0.72,3.5,4,4,3,4,4.5,4,3.8,4.8,3.8,1,Emily,Pastor is dry,0,0,0,0,0,0,0,0,0,0,0,0,0,0,0,0,0,0,0,0,0,0,0,0,0,0,0,0,0,0,0,0,0
304,Los Tacos,Local,1/15/2017,Oceanside,2175 Vista Way,https://www.yelp.com/biz/los-tacos-oceanside,4,4.2,7.9,3.5,,,21.5,23.5,0.94,4.5,5,4,3.5,4,2.8,4,4.5,3.7,4.2,0,Scott,,0,0,0,0,0,0,0,0,0,0,0,0,0,0,0,0,0,0,0,0,0,0,0,0,0,0,0,0,0,0,0,0,0
305,Los Tacos,Local,1/15/2017,Oceanside,2176 Vista Way,https://www.yelp.com/biz/los-tacos-oceanside,4,4.2,7.9,2,,,19.5,24,0.89,4.2,4,4.2,3.8,4,3,3.8,4.5,5,4.2,0,Emily,,0,0,0,0,0,0,0,0,0,0,0,0,0,0,0,0,0,0,0,0,0,0,0,0,0,0,0,0,0,0,0,0,0
306,Los Tacos,Local,2/25/2017,Oceanside,2177 Vista Way,https://www.yelp.com/biz/los-tacos-oceanside,4,4.2,7.9,2.5,,,22,22,0.85,3,4.5,4.3,4,3,3.1,3.9,4.2,3,4.1,0,Scott,,0,0,0,0,0,0,0,0,0,0,0,0,0,0,0,0,0,0,0,0,0,0,0,0,0,0,0,0,0,0,0,0,0
307,Los Tacos,Local,2/25/2017,Oceanside,2178 Vista Way,https://www.yelp.com/biz/los-tacos-oceanside,4,4.2,7.9,3,,,21,24,0.96,3,3.5,4.5,4,4,4,4,4,3.5,4,0,Emily,,0,0,0,0,0,0,0,0,0,0,0,0,0,0,0,0,0,0,0,0,0,0,0,0,0,0,0,0,0,0,0,0,0
308,Los Tacos,Local,2/25/2017,Oceanside,2180 Vista Way,https://www.yelp.com/biz/los-tacos-oceanside,4,4.2,7.9,3,,,,,,3.5,4,4,4,4.5,3.5,4,3.5,4,4,0,Spencer,,0,0,0,0,0,0,0,0,0,0,0,0,0,0,0,0,0,0,0,0,0,0,0,0,0,0,0,0,0,0,0,0,0
309,Los Tacos,Local,9/4/2017,Oceanside,2181 Vista Way,https://www.yelp.com/biz/los-tacos-oceanside,4,4.2,8.5,3.5,540,0.683544304,21.5,21.5,0.79,3.5,4,4.5,4,3,4,3.5,4.5,5,4.3,0,Scott,,0,0,0,0,0,0,0,0,0,0,0,0,0,0,0,0,0,0,0,0,0,0,0,0,0,0,0,0,0,0,0,0,0
310,Los Tacos,Local,9/4/2017,Oceanside,2182 Vista Way,https://www.yelp.com/biz/los-tacos-oceanside,4,4.2,8.5,3.5,540,0.613636364,21,23,0.88,4,4,4,4.5,4.2,4.5,4,4.5,4.8,4.5,0,Emily,,0,0,0,0,0,0,0,0,0,0,0,0,0,0,0,0,0,0,0,0,0,0,0,0,0,0,0,0,0,0,0,0,0
311,Los Tacos,Local,6/5/2016,Oceanside,2183 Vista Way,https://www.yelp.com/biz/los-tacos-oceanside,4,4.2,7.9,3.5,,,20.5,21.5,0.75,3.5,4.5,4.5,4,1.5,1.5,3,4,5,3.5,1,Scott,,0,1,0,1,1,0,1,0,0,0,0,0,0,0,0,0,0,0,0,0,0,0,1,0,0,0,0,0,0,0,0,0,0
26,Los Tacos,Al Pastor,5/13/2017,Oceanside,3480 Marron Rd,https://www.yelp.com/biz/los-tacos-oceanside-2,4.5,5,8.25,3.8,430,0.632352941,22.5,19.5,0.68,4,,4,3,3,2.5,4,3,5,3.6,0,Scott,,0,1,1,0,0,0,1,0,0,0,0,0,0,0,0,0,0,0,0,0,0,0,0,0,0,0,0,0,0,0,0,0,0
263,Los Tacos,Cheese steak,5/29/2017,Oceanside,3481 Marron Rd,https://www.yelp.com/biz/los-tacos-oceanside-3,4.5,5,9.95,4.2,600,0.779220779,22,21,0.77,3.5,5,3,1.5,3,2.5,3,2.2,2.5,2.8,0,Scott,,0,0,0,0,0,0,0,0,0,0,0,0,0,0,0,0,0,0,0,0,0,0,0,0,0,0,0,0,0,0,0,0,0
312,Los Tacos,Local,7/22/2017,Oceanside,3482 Marron Rd,https://www.yelp.com/biz/los-tacos-oceanside-4,4.5,5,8.5,3.8,,,23,22,0.89,4,4.5,3,4,3,2.5,3.5,3.5,3,4,0,Scott,,0,0,0,0,0,0,0,0,0,0,0,0,0,0,0,0,0,0,0,0,0,0,0,0,0,0,0,0,0,0,0,0,0
313,Los Tacos,Local,7/22/2017,Oceanside,3483 Marron Rd,https://www.yelp.com/biz/los-tacos-oceanside-5,4.5,5,8.5,4,,,22,21,0.77,4,4,3.75,4,3.5,3.5,4,5,3.5,4,0,Emily,,0,0,0,0,0,0,0,0,0,0,0,0,0,0,0,0,0,0,0,0,0,0,0,0,0,0,0,0,0,0,0,0,0
314,Los Tacos,Local,1/12/2018,Oceanside,3484 Marron Rd,https://www.yelp.com/biz/los-tacos-oceanside-6,4.5,5,8.5,4,,,21,23.5,0.92,4,4,3,3.5,1,2,3,3,1,3,0,Scott,,0,0,0,0,0,0,0,0,0,0,0,0,0,0,0,0,0,0,0,0,0,0,0,0,0,0,0,0,0,0,0,0,0
85,Lourdes,California,3/3/2017,Encinitas,2114 San Elijo Ave,https://www.yelp.com/biz/lourdes-encinitas-3,4,4.7,6.35,3.5,425,0.708333333,19,20,0.6,4,3,3,3,2.5,3,3.5,2.8,5,3.1,0,Scott,,0,0,0,0,0,0,0,0,0,0,0,0,0,0,0,0,0,0,0,0,0,0,0,0,0,0,0,0,0,0,0,0,0
243,Lourdes,Carnitas,3/3/2017,Encinitas,2113 San Elijo Ave,https://www.yelp.com/biz/lourdes-encinitas-2,4,4.7,7.35,3.5,415,0.691666667,21,19,0.6,3.5,3,3.5,3,4.5,4.5,4,4,5,3.75,0,Emily,,0,0,0,0,0,0,0,0,0,0,0,0,0,0,0,0,0,0,0,0,0,0,0,0,0,0,0,0,0,0,0,0,0
16,Lucha Libre Carlsbad ,Adobada,4/29/2018,Carlsbad,2527 El Camino Real,https://www.yelp.com/biz/lucha-libre-gourmet-taco-shop-carlsbad,3.5,3.8,8.5,3.2,,,19.5,21.5,0.72,3.5,1,3,3,3.4,4,4.5,3,4,3.1,0,Scott,Had been made too early for pickup and got cold. Small in size ,0,0,0,0,0,0,0,0,0,0,0,0,0,0,0,0,0,0,0,0,0,0,0,0,0,0,0,0,0,0,0,0,0
27,Lucha Libre Carlsbad ,Ala tingada california,4/29/2018,Carlsbad,2528 El Camino Real,https://www.yelp.com/biz/lucha-libre-gourmet-taco-shop-carlsbad,3.5,3.8,8.5,3,,,18,19,0.52,3,2.5,3.5,3,1,1,4,3.5,5,1.5,0,Emily,tortilla became a filling half of the side. Puny size.,0,0,0,0,0,0,0,0,0,0,0,0,0,0,0,0,0,0,0,0,0,0,0,0,0,0,0,0,0,0,0,0,0
28,Lucha Libre Carlsbad ,Alambre california,4/21/2018,Carlsbad,2525 El Camino Real,https://www.yelp.com/biz/lucha-libre-gourmet-taco-shop-carlsbad,3.5,3.8,8.5,3.2,,,18,23,0.76,3.8,4,4,4,3.8,3.4,4.3,4,5,4.1,0,Scott,Not much bacon flavor,0,0,0,0,0,0,0,0,0,0,0,0,0,0,0,0,0,0,0,0,0,0,0,0,0,0,0,0,0,0,0,0,0
357,Lucha Libre Carlsbad ,Surfin california,4/21/2018,Carlsbad,2526 El Camino Real,https://www.yelp.com/biz/lucha-libre-gourmet-taco-shop-carlsbad,3.5,3.8,9.5,3,,,19,24,0.87,3.5,3,3.8,4,3.8,4.5,4.5,4,5,3.9,0,Emily,Bad shrimp,0,0,0,0,0,0,0,0,0,0,0,0,0,0,0,0,0,0,0,0,0,0,0,0,0,0,0,0,0,0,0,0,0
43,Lucha Libre North Park,Bean and cheese,8/30/2016,North Park,3031 University Ave,https://www.yelp.com/biz/lucha-libre-san-diego,3.5,4.3,3.75,5,,,18,22,0.69,4,3,,1,,3,3,2,3,2,0,Meghan,Bland,0,0,0,1,0,0,0,0,0,0,0,1,0,0,0,0,0,0,0,0,0,0,0,0,0,0,0,0,0,0,0,0,0
169,Lucha Libre North Park,California ,8/30/2016,North Park,3037 University Ave,https://www.yelp.com/biz/lucha-libre-san-diego,3.5,4.3,7.5,4,,,20,23.5,0.88,3.5,2.5,3,4.5,3,2,5,4.5,3.5,2.5,1,Kelsey,,0,1,1,1,1,1,0,1,0,0,0,0,0,0,0,0,0,0,0,0,0,0,0,0,0,0,0,0,0,0,0,0,0
170,Lucha Libre North Park,California ,8/30/2016,North Park,3038 University Ave,https://www.yelp.com/biz/lucha-libre-san-diego,3.5,4.3,7.5,3,,,20,22,0.77,3.5,5,3.5,4,3,3,4,2.5,5,3,0,Javier,"large, bt feels good in my hands",0,1,0,1,1,1,0,1,0,0,0,0,0,0,0,0,0,0,0,0,0,0,0,0,0,0,0,0,0,0,0,0,0
171,Lucha Libre North Park,California ,8/30/2016,North Park,3034 University Ave,https://www.yelp.com/biz/lucha-libre-san-diego,3.5,4.3,7.5,4,,,18,24.5,0.86,2,3,3,3,4,3,4,3,5,3,1,Erik,,0,1,0,1,1,1,1,0,0,0,0,0,0,0,0,0,0,0,0,0,0,0,0,0,0,0,0,0,0,0,0,0,0
172,Lucha Libre North Park,California ,8/30/2016,North Park,3035 University Ave,https://www.yelp.com/biz/lucha-libre-san-diego,3.5,4.3,7.5,4.5,,,18,26,0.97,3.5,4,4.5,4,3.5,3.5,4,4,4.5,4.25,1,Ricardo,,0,1,0,1,1,1,1,0,0,0,0,0,0,0,0,0,0,0,0,0,0,0,0,0,0,0,0,0,0,0,0,0,0
173,Lucha Libre North Park,California ,8/30/2016,North Park,3036 University Ave,https://www.yelp.com/biz/lucha-libre-san-diego,3.5,4.3,7.5,2,,,19,25,0.94,4,5,5,4,4.5,4.5,5,4.5,4,4.5,1,Erin,,0,1,0,1,1,1,1,0,0,0,0,0,0,0,0,0,0,0,0,0,0,0,0,0,0,0,0,0,0,0,0,0,0
174,Lucha Libre North Park,California ,8/30/2016,North Park,3032 University Ave,https://www.yelp.com/biz/lucha-libre-san-diego,3.5,4.3,7.5,2.5,,,19,23.5,0.83,3,3,5,3.5,3,3.5,4.5,4,4.5,3.9,1,Scott,"first bite sour cream, but probably the best steak I've had in a burrito",0,1,0,1,1,1,0,0,0,0,0,0,0,0,0,0,0,0,0,0,0,0,0,0,0,0,0,0,0,0,0,0,0
175,Lucha Libre North Park,California ,8/30/2016,North Park,3033 University Ave,https://www.yelp.com/biz/lucha-libre-san-diego,3.5,4.3,7.5,5,,,17,23,0.72,3.5,3,2,3,3,2,4,2.5,5,3.5,0,Devleena,fries = 4,0,1,0,1,1,1,0,0,0,0,0,0,0,0,0,0,0,0,0,0,0,0,0,0,0,0,0,0,0,0,0,0,0
293,Lucha Libre North Park,Holy Moly,8/30/2016,North Park,3039 University Ave,https://www.yelp.com/biz/lucha-libre-san-diego,3.5,4.3,7.5,5,,,,,,3.5,2,3.5,3.5,3,4,2,2,4,3.5,0,Sam A,,0,0,0,1,0,1,0,1,0,0,1,0,0,0,0,0,0,1,0,0,0,0,0,0,0,0,0,0,0,0,0,0,0
294,Lucha Libre North Park,Holy Moly,8/30/2016,North Park,3040 University Ave,https://www.yelp.com/biz/lucha-libre-san-diego,3.5,4.3,7.5,3,,,17,21,0.6,2.5,2.5,3,2,2,1,5,1,5,1.5,0,Sage,all meat at bottom 1/8th,0,0,0,1,0,1,0,1,0,0,1,0,0,0,0,0,0,1,0,0,0,0,0,0,0,0,0,0,0,0,0,0,0
295,Lucha Libre North Park,Holy Moly,8/30/2016,North Park,3041 University Ave,https://www.yelp.com/biz/lucha-libre-san-diego,3.5,4.3,7.5,4,,,17.5,21.2,0.63,5,3,5,5,3,2,2,3,5,4,1,Aaron S,,0,0,0,1,0,1,0,1,0,0,1,0,0,0,0,0,0,1,0,0,0,0,0,0,0,0,0,0,0,0,0,0,0
296,Lucha Libre North Park,Holy Moly,8/30/2016,North Park,3042 University Ave,https://www.yelp.com/biz/lucha-libre-san-diego,3.5,4.3,7.5,5,,,19,21,0.67,5,4,2,1,4,3,5,4,2,2,0,Jaeyoung,Ordered a specialty burrito and guess I was expecting an ordinary one! Sauce was good but overpowering; no veggies at all; overall just did not feel like a burrito.,0,0,0,1,0,1,0,1,0,0,1,0,0,0,0,0,0,1,0,0,0,0,0,0,0,0,0,0,0,0,0,0,0
297,Lucha Libre North Park,Holy Moly,8/30/2016,North Park,3043 University Ave,https://www.yelp.com/biz/lucha-libre-san-diego,3.5,4.3,7.5,4.5,,,19.5,19,0.56,4,4,3.5,4.5,4,4,5,4.5,4,4,1,Matteo,,0,0,0,1,0,1,0,1,0,0,1,0,0,0,0,0,0,1,0,0,0,0,0,0,0,0,0,0,0,0,0,0,0
321,Lucha Libre North Park,Nutty,8/30/2016,North Park,3028 University Ave,https://www.yelp.com/biz/lucha-libre-san-diego,3.5,4.3,7.5,3.8,,,19,25,0.94,3.8,4,4,4,4,4,4.5,4.5,4.5,4.4,0,Luis,,0,0,0,1,1,1,0,1,0,0,1,0,0,0,0,0,0,1,0,0,0,0,0,0,0,0,0,0,0,0,0,0,0
348,Lucha Libre North Park,Surf & Turf,8/30/2016,North Park,3016 University Ave,https://www.yelp.com/biz/lucha-libre-san-diego,3.5,4.3,8.25,4,,,19,22.5,0.77,3,2.5,3,3,3,3,3.5,3,3,3,1,Hannah,,0,1,0,0,0,0,0,0,1,0,1,0,0,0,0,0,0,1,0,0,0,0,0,0,0,0,0,0,0,0,1,0,0
349,Lucha Libre North Park,Surf & Turf,8/30/2016,North Park,3017 University Ave,https://www.yelp.com/biz/lucha-libre-san-diego,3.5,4.3,8.25,3,,,19,24,0.87,5,3,5,4,2,2,5,2,2,2,0,Tammy,,0,1,0,0,0,0,0,0,1,0,1,0,0,0,0,0,0,1,0,0,0,0,0,0,0,0,0,0,0,0,1,0,0
350,Lucha Libre North Park,Surf & Turf,8/30/2016,North Park,3018 University Ave,https://www.yelp.com/biz/lucha-libre-san-diego,3.5,4.3,8.25,3.9,,,,,,2.1,1.9,2.6,2.4,2.9,3.2,4,2.5,3,2.4,0,Bankole,Not as good as the first time,0,1,0,0,0,0,0,0,1,0,1,0,0,0,0,0,0,1,0,0,0,0,0,0,0,0,0,0,0,0,1,0,0
351,Lucha Libre North Park,Surf & Turf,8/30/2016,North Park,3019 University Ave,https://www.yelp.com/biz/lucha-libre-san-diego,3.5,4.3,8.25,4,,,20,22,0.77,3,2.5,2,2.8,3.5,3.5,4,3,4,2.2,0,Melissa N,,0,1,0,0,0,0,0,0,1,0,1,0,0,0,0,0,0,1,0,0,0,0,0,0,0,0,0,0,0,0,1,0,0
352,Lucha Libre North Park,Surf & Turf,8/30/2016,North Park,3020 University Ave,https://www.yelp.com/biz/lucha-libre-san-diego,3.5,4.3,8.25,3.5,,,20,22,0.77,3.6,3.2,3.2,3.5,3.6,3.5,,3.8,3.9,3.6,0,Katie,,0,1,0,0,0,0,0,0,1,0,1,0,0,0,0,0,0,1,0,0,0,0,0,0,0,0,0,0,0,0,1,0,0
358,Lucha Libre North Park,Surfin California,8/30/2016,North Park,3021 University Ave,https://www.yelp.com/biz/lucha-libre-san-diego,3.5,4.3,8.25,3,,,21,24.5,1,3,3,4,3.5,3,2,3.5,3.5,4,3.9,1,Emily,thick chips,0,1,0,1,1,0,0,0,1,0,0,0,0,0,0,0,0,1,0,0,0,0,0,0,0,0,0,0,0,0,1,0,0
359,Lucha Libre North Park,Surfin California,8/30/2016,North Park,3022 University Ave,https://www.yelp.com/biz/lucha-libre-san-diego,3.5,4.3,8.25,4,,,18.5,25.5,0.96,3.5,2,4,3,5,5,4,4,5,3.5,0,Melissa G,Good guac,0,1,0,1,1,0,0,0,1,0,0,0,0,0,0,0,0,1,0,0,0,0,0,0,0,0,0,0,0,0,1,0,0
360,Lucha Libre North Park,Surfin California,8/30/2016,North Park,3023 University Ave,https://www.yelp.com/biz/lucha-libre-san-diego,3.5,4.3,8.25,4,,,,,,4,3,3,3,3,2,3,3,4,3,1,Marc,"shrimp was questionable; salsa was mediocre to bad; overall ok, better than past burritos at lucha libre",0,1,0,1,1,0,0,0,1,0,0,0,0,0,0,0,0,1,0,0,0,0,0,0,0,0,0,0,0,0,1,0,0
361,Lucha Libre North Park,Surfin California,8/30/2016,North Park,3024 University Ave,https://www.yelp.com/biz/lucha-libre-san-diego,3.5,4.3,8.25,1,,,,,,3,2,4,3,5,5,4,3.5,5,3.5,0,Ashley G,good guac but fries could be better,0,1,0,1,1,0,0,0,1,0,0,0,0,0,0,0,0,1,0,0,0,0,0,0,0,0,0,0,0,0,1,0,0
362,Lucha Libre North Park,Surfin California,8/30/2016,North Park,3025 University Ave,https://www.yelp.com/biz/lucha-libre-san-diego,3.5,4.3,8.25,2,,,20,24.5,0.96,3.5,2,5,3.5,4,2.5,3.5,3,3.5,3.5,1,Richard,probably positively biased by service,0,1,0,1,1,0,0,0,1,0,0,0,0,0,0,0,0,1,0,0,0,0,0,0,0,0,0,0,0,0,1,0,0
363,Lucha Libre North Park,Surfin California,8/30/2016,North Park,3026 University Ave,https://www.yelp.com/biz/lucha-libre-san-diego,3.5,4.3,8.25,3,,,19,24,0.87,5,4,4,4,3,3,4,4,4,4,1,Mike,,0,1,0,1,1,0,0,0,1,0,0,0,0,0,0,0,0,1,0,0,0,0,0,0,0,0,0,0,0,0,1,0,0
364,Lucha Libre North Park,Surfin California,8/30/2016,North Park,3027 University Ave,https://www.yelp.com/biz/lucha-libre-san-diego,3.5,4.3,8.25,1,,,19.5,25.5,1.01,4,3,3.5,3,5,4,2,3,4,3,0,Sankha G,,0,1,0,1,1,0,0,0,1,0,0,0,0,0,0,0,0,1,0,0,0,0,0,0,0,0,0,0,0,0,1,0,0
371,Lucha Libre North Park,Veg Out,8/30/2016,North Park,3029 University Ave,https://www.yelp.com/biz/lucha-libre-san-diego,3.5,4.3,6.95,3,,,19,23,0.8,5,5,,5,,5,4.5,5,3,4.5,1,Aga,,0,0,0,0,0,0,0,0,0,0,0,1,1,0,1,0,0,1,0,0,0,0,0,0,0,0,0,0,1,0,1,0,1
372,Lucha Libre North Park,Veggie,8/30/2016,North Park,3030 University Ave,https://www.yelp.com/biz/lucha-libre-san-diego,3.5,4.3,5.25,3,,,19.5,25.5,1.01,4.5,4.5,,3.5,,3,4,3.5,5,3.25,1,Rob G,,0,1,0,0,1,0,0,0,0,0,1,1,1,0,0,0,0,0,0,0,0,0,0,0,0,0,0,0,0,0,0,0,0
86,Lupe's Taco Shop,California,1/12/2017,Linda Vista,7623 Linda Vista Rd,https://www.yelp.com/biz/lupes-taco-shop-san-diego,3.5,4.5,7.49,3.7,,,20,26,1.08,4,3.5,3.9,4,3.7,2,3.5,4,4,3.9,0,Tom,tons of french fries,0,0,0,0,0,0,0,0,0,0,0,0,0,0,0,0,0,0,0,0,0,0,0,0,0,0,0,0,0,0,0,0,0
298,Lupe's Taco Shop,Hot cheetos,1/12/2017,Linda Vista,7621 Linda Vista Rd,https://www.yelp.com/biz/lupes-taco-shop-san-diego,3.5,4.5,7.29,3.5,,,19,21.5,0.7,3,2,3.5,3.5,3,2.5,3.7,3.2,4.2,3.7,0,Scott,"Cheese is cold, but guac, salsa, and chips are good",0,0,0,0,0,0,0,0,0,0,0,0,0,0,0,0,0,0,0,0,0,0,0,0,0,0,0,0,0,0,0,0,0
337,Lupe's Taco Shop,Spicy a la Diabla,1/12/2017,Linda Vista,7624 Linda Vista Rd,https://www.yelp.com/biz/lupes-taco-shop-san-diego,3.5,4.5,7.49,5,,,18,22,0.69,4,4,4,2,3,0,,1,2,2,0,Rob L,way too spicy,0,0,0,0,0,0,0,0,0,0,0,0,0,0,0,0,0,0,0,0,0,0,0,0,0,0,0,0,0,0,0,0,0
365,Lupe's Taco Shop,Surfin California,1/12/2017,Linda Vista,7622 Linda Vista Rd,https://www.yelp.com/biz/lupes-taco-shop-san-diego,3.5,4.5,7.89,3,,,18.5,25.5,0.96,4,5,4.5,4,4.5,3.5,3,4.5,2.5,4.25,0,Richard,quality ingredients,0,0,0,0,0,0,0,0,0,0,0,0,0,0,0,0,0,0,0,0,0,0,0,0,0,0,0,0,0,0,0,0,0
367,Lupe's Taco Shop,TGunz,4/25/2017,Linda Vista,7625 Linda Vista Rd,https://www.yelp.com/biz/lupes-taco-shop-san-diego,3.5,4.5,10,3,920,0.597402597,23,29,1.54,3,4,3.2,3.5,1.8,1.8,3.5,3.7,3.5,3.9,0,Scott,,0,0,0,0,0,0,0,0,0,0,0,0,0,0,0,0,0,0,0,0,0,0,0,0,0,0,0,0,0,0,0,0,0
368,Lupe's Taco Shop,TGunz,4/25/2017,Linda Vista,7626 Linda Vista Rd,https://www.yelp.com/biz/lupes-taco-shop-san-diego,3.5,4.5,10,4.2,925,0.600649351,23,29,1.54,3,4.5,3.5,3.5,2.5,2,3,3.5,4.5,3.5,0,Ricardo,,0,0,0,0,0,0,0,0,0,0,0,0,0,0,0,0,0,0,0,0,0,0,0,0,0,0,0,0,0,0,0,0,0
212,Matador Mexican Food,Carne asada,10/2/2016,Morena,5202 Linda Vista Rd,https://www.yelp.com/biz/matador-mexican-grill-san-diego-3,4.5,4,6.6,4,,,,,,4,3.5,3.5,3.5,4,3,3.5,3.5,4.5,3,0,Brent,Salsa too spicy,0,1,1,0,0,0,0,0,0,0,0,0,0,0,0,0,0,0,0,0,0,0,0,0,0,0,0,0,0,0,0,0,0
244,Matador Mexican Food,Carnitas,10/2/2016,Morena,5201 Linda Vista Rd,https://www.yelp.com/biz/matador-mexican-grill-san-diego-2,4.5,4,6.6,3.2,,,,,,1.4,3.7,3,3.2,4.8,2.4,3,2.9,3,3,0,Scott,,0,1,1,0,0,0,1,0,0,0,0,0,0,0,0,0,0,0,0,0,0,0,0,0,0,0,0,0,0,0,0,0,0
155,Mi Asador Mexican & Seafood ,California ,4/27/2016,Oceanside,4750 Oceanside Blvd,https://sites.google.com/site/miasador/,4.5,4.4,6.89,3,,,25,22,0.96,3,2.5,3,2.5,2.5,2,3.5,3,4,3,0,Scott,,0,0,1,1,1,1,0,0,0,0,0,0,0,0,0,0,0,0,0,0,0,0,0,0,0,0,0,0,0,0,0,0,0
281,Mi Asador Mexican & Seafood ,El Hawaiiano ,4/27/2016,Oceanside,4751 Oceanside Blvd,https://sites.google.com/site/miasador/,4.5,4.4,6.39,3,,,23,22.5,0.93,4,3,2.5,3.5,3,3,3.5,4,3.5,3.5,1,Emily,Pineapple is really good,0,0,1,1,0,1,0,0,0,0,0,0,0,0,0,0,0,0,0,0,0,0,1,0,0,0,0,0,0,0,0,0,0
87,Mikes Taco Club,California,3/23/2016,Ocean Beach,5060 Newport Ave,http://www.mikestacoclub.com/menu/,4.5,4.9,8.59,2.5,,,,,,4,4.5,3.5,5,2.5,2,4,4.5,4,4.3,0,Scott,,0,1,1,1,1,1,0,0,0,0,0,0,0,0,0,0,0,0,0,0,0,0,0,0,0,0,0,0,0,0,0,0,0
88,Mikes Taco Club,California,3/23/2016,Ocean Beach,5061 Newport Ave,http://www.mikestacoclub.com/menu/,4.5,4.9,8.59,3.5,,,,,,4.5,4.5,4,4.5,4,4,4,4.5,5,4.5,0,Brad,,0,1,1,1,1,1,0,0,0,0,0,0,0,0,0,0,0,0,0,0,0,0,0,0,0,0,0,0,0,0,0,0,0
89,Mikes Taco Club,California,4/14/2018,Ocean Beach,5062 Newport Ave,http://www.mikestacoclub.com/menu/,4.5,4.9,8.99,4,,,25,23,1.05,4.5,4.5,4,4,3,4,3.5,4,3,4.2,0,Scott,,0,1,1,1,1,1,0,0,0,0,0,0,0,0,0,0,0,0,0,0,0,0,0,0,0,0,0,0,0,0,0,0,0
90,Mikes Taco Club,California,4/14/2018,Ocean Beach,5063 Newport Ave,http://www.mikestacoclub.com/menu/,4.5,4.9,8.99,4,,,24,22,0.92,4.5,5,3.5,4,4,4,,2.5,1.5,3.8,0,Sage,,0,1,1,1,1,1,0,0,0,0,0,0,0,0,0,0,0,0,0,0,0,0,0,0,0,0,0,0,0,0,0,0,0
91,Mr. Ruribertos Taco Shop ,California,12/10/2016,Mission Beach,3202 Mission Blvd,https://www.yelp.com/biz/ruribertos-taco-shop-san-diego,3.5,3.7,7.75,4,,,20,21,0.7,3.5,2.5,3,3.3,1.4,2.3,2.2,3.3,4.5,2.9,0,Scott,,0,1,0,1,1,1,0,0,0,0,0,0,0,0,0,0,0,0,0,0,0,0,0,0,0,0,0,0,0,0,0,0,0
213,Mr. Ruribertos Taco Shop ,Carne asada,12/10/2016,Mission Beach,3203 Mission Blvd,https://www.yelp.com/biz/ruribertos-taco-shop-san-diego,3.5,3.7,7.75,4,,,19.5,21,0.68,4,4.5,2,2,3.5,3.5,2,2,4,3,0,Brent,"Carrots are bad, got better as it went on",0,1,1,0,0,0,0,0,0,0,0,0,0,0,0,0,0,0,0,0,0,0,0,0,0,0,0,0,0,0,0,0,0
156,Netos Mexican Food,California ,5/26/2016,San Marcos,325 S Rancho Santa Fe Rd,https://www.yelp.com/biz/netos-mexican-food-san-marcos,4.5,4.1,5.99,4,,,20.5,23.5,0.9,4.5,5,3,4,2,2,2,3.75,4,3.2,1,Scott,not 100% certain about the ingredients (was there guac and pico?),0,1,1,1,1,1,0,0,0,0,0,0,0,0,0,0,0,0,0,0,0,0,0,0,0,0,0,0,0,0,0,0,0
203,Netos Mexican Food,Adobada ,5/26/2016,San Marcos,326 S Rancho Santa Fe Rd,https://www.yelp.com/biz/netos-mexican-food-san-marcos,4.5,4.1,5.5,3,,,20.75,23.5,0.91,3.5,4,3.5,3,3.5,3.5,2.5,3,2.5,3,1,Emily,"Best free chips, novel burrito",0,1,1,0,0,0,0,0,0,0,0,0,0,0,0,0,0,0,0,0,0,0,1,0,0,0,0,0,0,0,0,0,0
92,Nico's Taco Shop,California,1/30/2016,Carmel Valley,3860 Valley Centre Dr #404,http://www.yelp.com/biz/nicos-taco-shop-san-diego,3,2.9,7.19,1.5,,,,,,2,3,3,2,2.5,2.5,,2,3,2.6,0,Scott,not fries. big potatoes,0,0,0,1,1,1,0,0,0,0,0,0,0,0,0,0,0,0,0,0,0,0,0,0,0,0,0,0,0,0,0,0,0
245,Nico's Taco Shop,Carnitas,1/30/2016,Carmel Valley,3861 Valley Centre Dr #404,http://www.yelp.com/biz/nicos-taco-shop-san-diego,3,2.9,6.99,4,,,,,,2.5,3,3,2.5,3,3.5,,2.5,3,3,0,Emily,,0,1,1,0,0,0,1,0,0,0,0,0,0,0,0,0,0,0,0,0,0,0,0,0,0,0,0,0,0,0,0,0,0
93,Ortiz's Taco Shop #2,California,11/2/2016,Pacific Beach,1313 Garnet Ave,https://www.yelp.com/biz/ortizs-taco-shop-san-diego-2,4,4.2,6.39,4,,,20,21,0.7,4,4,4,4,4.5,4.5,4.2,4.5,4.5,4.25,1,Scott,,0,0,0,0,0,0,0,0,0,0,0,0,0,0,0,0,0,0,0,0,0,0,0,0,0,0,0,0,0,0,0,0,0
94,Ortiz's Taco Shop #2,California,11/2/2016,Pacific Beach,1315 Garnet Ave,https://www.yelp.com/biz/ortizs-taco-shop-san-diego-4,4,4.2,6.39,4.5,,,22.5,20.5,0.75,3,4.4,4,4,4.5,4.2,4.3,4,5,4.2,1,Shijia,,0,0,0,0,0,0,0,0,0,0,0,0,0,0,0,0,0,0,0,0,0,0,0,0,0,0,0,0,0,0,0,0,0
95,Ortiz's Taco Shop #2,California,11/2/2016,Pacific Beach,1316 Garnet Ave,https://www.yelp.com/biz/ortizs-taco-shop-san-diego-5,4,4.2,6.39,4.75,,,20.5,20.5,0.69,2,,3.5,3,5,4,2,3.5,3.5,3.5,1,Jeremy,,0,0,0,0,0,0,0,0,0,0,0,0,0,0,0,0,0,0,0,0,0,0,0,0,0,0,0,0,0,0,0,0,0
179,Ortiz's Taco Shop #2,California ,11/2/2016,Pacific Beach,1314 Garnet Ave,https://www.yelp.com/biz/ortizs-taco-shop-san-diego-3,4,4.2,6.39,4.25,,,22,22,0.85,2,4,3.7,2,4,4.5,4.5,2.7,5,2.66,0,Sage,,0,0,0,0,0,0,0,0,0,0,0,0,0,0,0,0,0,0,0,0,0,0,0,0,0,0,0,0,0,0,0,0,0
157,Oscar's Mexican food,California ,1/24/2016,San Marcos,225 S Rancho Santa Fe Rd,http://www.yelp.com/biz/oscars-mexican-food-san-marcos,3.5,3.3,5.45,3.5,,,,,,2,3.5,2.5,2.5,2,4,3.5,2.5,5,3,0,Scott,Fries: 3/5; too little meat,0,1,1,1,1,0,0,0,0,0,0,0,0,0,0,0,0,0,0,0,0,0,0,0,0,0,0,0,0,0,0,0,0
214,Oscar's Mexican food,Carne asada,1/24/2016,San Marcos,227 S Rancho Santa Fe Rd,http://www.yelp.com/biz/oscars-mexican-food-san-marcos,3.5,3.3,5.25,2,,,,,,3,2,3.5,3,4,5,4,4,5,3.75,0,Ricardo,Go to average burrito place like Rigoberto's in la jolla; Terrible tamales,0,1,1,0,0,0,0,0,0,0,0,0,0,0,0,0,0,0,0,0,0,0,0,0,0,0,0,0,0,0,0,0,0
246,Oscar's Mexican food,Carnitas,1/24/2016,San Marcos,226 S Rancho Santa Fe Rd,http://www.yelp.com/biz/oscars-mexican-food-san-marcos,3.5,3.3,4.85,1.5,,,,,,3,2,2.5,3,4.5,4,3,3,5,3,0,Emily,,0,1,1,0,0,0,1,0,0,0,0,0,0,0,0,0,0,0,0,0,0,0,0,0,0,0,0,0,0,0,0,0,0
96,Papa Chito's Mexican Food,California,8/9/2016,University City,3951 Governor Dr,https://www.yelp.com/biz/papa-chitos-mexican-food-san-diego,2.5,3.3,6.25,3.5,,,21.5,20,0.68,3.5,3.5,2.5,2.5,2.5,4,2,1.5,5,2.2,0,Scott,,0,1,0,1,1,0,0,0,0,0,0,0,0,0,0,0,0,0,0,0,0,0,0,0,0,0,0,0,0,0,0,0,0
97,Papa Chito's Mexican Food,California,8/9/2016,University City,3952 Governor Dr,https://www.yelp.com/biz/papa-chitos-mexican-food-san-diego,2.5,3.3,6.25,4,,,20,20,0.64,4,5,3,3,4,3.5,4,4,5,3.75,1,Sage,,0,1,0,1,1,0,0,0,0,0,0,0,0,0,0,0,0,0,0,0,0,0,0,0,0,0,0,0,0,0,0,0,0
98,Pollos Maria,California,1/27/2016,Carlsbad,3055 Harding St,http://pollosmaria.com/,4,3.8,6.59,4,,,,,,4,5,4,3.5,4.5,5,2.5,4.5,4,4.2,0,Scott,,0,1,0,1,1,0,0,0,0,0,0,0,0,0,0,0,0,0,0,0,0,0,0,0,0,0,0,0,0,0,0,0,0
215,Pollos Maria,Carne asada,11/26/2016,Carlsbad,3058 Harding St,http://pollosmaria.com/,4,3.8,6.49,3,,,17.5,17,0.4,3.5,4,3,4,3.5,4,3,4,4.5,3.5,0,Emily,Just way too small,0,0,0,0,0,0,0,0,0,0,0,0,0,0,0,0,0,0,0,0,0,0,0,0,0,0,0,0,0,0,0,0,0
276,Pollos Maria,Combo chicken,1/28/2016,Carlsbad,3056 Harding St,http://pollosmaria.com/,4,3.8,6.99,4,,,,,,3,4,5,3.5,2.5,2.5,2.5,4,1,3.2,0,Emily,,0,0,1,1,0,1,0,1,0,0,1,1,1,1,0,0,0,0,0,0,0,0,0,0,0,0,0,0,0,0,0,0,0
277,Pollos Maria,Combo chicken,11/26/2016,Carlsbad,3057 Harding St,http://pollosmaria.com/,4,3.8,6.99,3.5,,,20.5,22.5,0.83,3.5,2.5,4,3.5,3,2.5,2.5,4.5,0.5,3.8,1,Scott,Started off really great but ended with poor uniformity and wrap integrity,0,0,0,0,0,0,0,0,0,0,0,0,0,0,0,0,0,0,0,0,0,0,0,0,0,0,0,0,0,0,0,0,0
99,Porkyland ,California,4/2/2016,Carmel Valley,4648 Carmel Mountain Rd,http://goporkyland.com/,4,4.4,8.75,3,,,,,,4,5,3,5,3,2,4,3,5,4,0,Andy,,0,0,1,1,1,1,0,0,0,0,0,0,0,0,0,0,0,0,0,0,0,0,0,0,0,0,0,0,0,0,0,0,0
269,Porkyland ,Chicken nopalito,4/2/2016,Carmel Valley,4646 Carmel Mountain Rd,http://goporkyland.com/,4,4.4,7.95,2.5,,,,,,2.5,2.5,4,3.5,3,2.5,3,3,5,3.3,0,Emily,,0,0,1,0,0,0,0,1,0,0,0,0,0,0,0,0,0,1,0,0,0,0,0,0,0,1,0,0,0,0,0,0,0
270,Porkyland ,Chicken nopalito,4/2/2016,Carmel Valley,4647 Carmel Mountain Rd,http://goporkyland.com/,4,4.4,7.95,2,,,,,,4,5,4,4,3,5,3,3,5,4,0,Tara,,0,0,1,0,0,0,0,1,0,0,0,0,0,0,0,0,0,1,0,0,0,0,0,0,0,1,0,0,0,0,0,0,0
280,Porkyland ,Deborah's special,4/2/2016,Carmel Valley,4645 Carmel Mountain Rd,http://goporkyland.com/,4,4.4,8.25,3.5,,,,,,4,4.5,3.5,2.5,4.5,4.5,4,3.5,5,4,0,Scott,,0,0,0,0,0,0,0,0,0,0,0,0,0,0,0,0,0,0,0,0,0,0,0,0,0,1,0,0,0,0,0,0,0
216,Raul's Mexican food,Carne asada,3/11/2016,Encinitas,491 S Coast Hwy 101,https://www.yelp.com/biz/rauls-shack-encinitas,4,4.2,5,1,,,,,,2,,1,1,0.5,1,1.5,1,4,1,0,Scott,burrito was mostly tortilla,0,1,1,0,0,0,0,0,0,0,0,0,0,0,0,0,0,0,0,0,0,0,0,0,0,0,0,0,0,0,0,0,0
273,Raul's Mexican food,Chile verde pork,3/11/2016,Encinitas,490 S Coast Hwy 101,https://www.yelp.com/biz/rauls-shack-encinitas,4,4.2,5,3.5,,,,,,2,,2.5,2,2,2,2,2.5,,2,0,Emily,,0,0,0,0,0,0,1,0,0,0,0,1,0,0,0,0,0,0,1,0,0,0,0,0,0,0,0,0,0,0,0,0,0
11,Rigoberto's Taco Shop,Adobada,4/3/2016,Miramar,7097 Miramar Rd,https://www.yelp.com/biz/rigobertos-taco-shop-san-diego-5,4,4.4,6.6,3,,,,,,4,5,5,5,5,4,,4.5,5,4.5,0,Tara,,0,0,1,0,0,0,1,0,0,0,0,0,0,0,0,0,0,0,0,0,0,0,0,0,0,0,0,0,0,0,0,0,0
33,Rigoberto's Taco Shop,Bacon breakfast,5/13/2016,Miramar,7104 Miramar Rd,https://www.yelp.com/biz/rigobertos-taco-shop-san-diego-12,4,4.4,6.25,3.5,,,22,22,0.85,4,3.5,4,4,5,5,,5,4.5,4.2,1,Luis,,0,0,0,1,1,0,0,0,0,0,0,0,0,0,0,0,0,0,0,0,0,0,0,0,0,0,0,1,0,1,0,0,0
34,Rigoberto's Taco Shop,Bacon breakfast,9/27/2016,Miramar,7110 Miramar Rd,https://www.yelp.com/biz/rigobertos-taco-shop-san-diego-18,4,4.4,6.3,4,,,22,22,0.85,4,3.6,4,4,4,4,,4,4,4.2,1,Luis,,0,0,0,1,1,0,0,0,0,0,0,0,0,0,0,0,0,0,0,0,0,0,0,0,0,0,0,1,0,1,0,0,0
100,Rigoberto's Taco Shop,California,4/7/2016,Miramar,7098 Miramar Rd,https://www.yelp.com/biz/rigobertos-taco-shop-san-diego-6,4,4.4,6.6,3,,,,,,3,5,3.5,3,4.5,2.5,3,4,4,3.6,0,Scott,Too much enchilada sauce this time,0,0,0,1,1,0,0,0,0,0,0,0,0,0,0,0,0,1,0,0,0,0,0,0,0,0,0,0,0,0,0,0,0
101,Rigoberto's Taco Shop,California,9/27/2016,Miramar,7109 Miramar Rd,https://www.yelp.com/biz/rigobertos-taco-shop-san-diego-17,4,4.4,6.6,3.5,,,22,23,0.93,4,4.5,4,4,4.5,5,4.5,4.5,4.5,4.25,1,Ricardo,,0,0,0,0,0,0,0,0,0,0,0,0,0,0,0,0,0,0,0,0,0,0,0,0,0,0,0,0,0,0,0,0,0
102,Rigoberto's Taco Shop,California,1/4/2017,Miramar,7112 Miramar Rd,https://www.yelp.com/biz/rigobertos-taco-shop-san-diego-20,4,4.4,6.6,,,,23,20.5,0.77,4,4.5,4,3.5,3.5,5,1.5,3.5,4.5,3.7,1,Scott,Usually better. Too much enchilada sauce this time,0,0,0,0,0,0,0,0,0,0,0,0,0,0,0,0,0,0,0,0,0,0,0,0,0,0,0,0,0,0,0,0,0
103,Rigoberto's Taco Shop,California,5/17/2017,Miramar,7114 Miramar Rd,https://www.yelp.com/biz/rigobertos-taco-shop-san-diego-22,4,4.4,6.85,4,,,23.5,23,0.99,3.5,5,3.3,3,5,2,3,3.8,3.5,3.9,0,Scott,,0,0,0,0,0,0,0,0,0,0,0,0,0,0,0,0,0,0,0,0,0,0,0,0,0,0,0,0,0,0,0,0,0
104,Rigoberto's Taco Shop,California,5/17/2017,Miramar,7115 Miramar Rd,https://www.yelp.com/biz/rigobertos-taco-shop-san-diego-23,4,4.4,6.85,4,,,23.5,23.5,1.03,4,5,4,4,5,3.5,2,3.5,4,4,0,Elynn,,0,0,0,0,0,0,0,0,0,0,0,0,0,0,0,0,0,0,0,0,0,0,0,0,0,0,0,0,0,0,0,0,0
158,Rigoberto's Taco Shop,California ,4/3/2016,Miramar,7096 Miramar Rd,https://www.yelp.com/biz/rigobertos-taco-shop-san-diego-4,4,4.4,6.6,3,,,,,,3,4.5,4,4.5,4,4.5,4.5,5,4.5,4.5,0,Scott,,0,0,0,1,1,0,0,0,0,0,0,0,0,0,0,0,0,1,0,0,0,0,0,0,0,0,0,0,0,0,0,0,0
159,Rigoberto's Taco Shop,California ,9/5/2017,Miramar,7116 Miramar Rd,https://www.yelp.com/biz/rigobertos-taco-shop-san-diego-24,4,4.4,6.85,3.5,,,22.5,22.5,0.91,3,4.5,3.8,3.8,4,3.5,3.5,4,3,4.1,0,Scott,,0,0,0,0,0,0,0,0,0,0,0,0,0,0,0,0,0,0,0,0,0,0,0,0,0,0,0,0,0,0,0,0,0
160,Rigoberto's Taco Shop,California ,9/5/2017,Miramar,7117 Miramar Rd,https://www.yelp.com/biz/rigobertos-taco-shop-san-diego-25,4,4.4,6.85,3.5,,,22.2,22.5,0.89,3,4.5,4,4,4.5,3,4,4,3.5,4.25,0,Sage,,0,0,0,0,0,0,0,0,0,0,0,0,0,0,0,0,0,0,0,0,0,0,0,0,0,0,0,0,0,0,0,0,0
201,Rigoberto's Taco Shop,Campeon,3/8/2016,Miramar,7095 Miramar Rd,https://www.yelp.com/biz/rigobertos-taco-shop-san-diego-3,4,4.4,7.65,3.5,,,,,,3,1.5,3,3,2.5,3,3.5,2.5,4,3.4,0,Scott,,0,1,1,1,1,1,0,0,0,0,0,0,0,0,0,0,0,0,0,0,0,0,0,0,0,0,0,0,0,0,0,0,0
202,Rigoberto's Taco Shop,Campeon,9/27/2016,Miramar,7108 Miramar Rd,https://www.yelp.com/biz/rigobertos-taco-shop-san-diego-16,4,4.4,7.65,4.5,,,26,24.5,1.24,3.5,4.5,2.5,2.5,1,1.5,3,2.5,3,2.7,0,Scott,"The big size was too big of an appeal, but there's just not enough meat",0,1,1,1,1,1,0,0,0,0,0,0,0,0,0,0,0,0,0,0,0,0,0,0,0,0,0,0,0,0,0,0,0
217,Rigoberto's Taco Shop,Carne asada,3/8/2016,Miramar,7094 Miramar Rd,https://www.yelp.com/biz/rigobertos-taco-shop-san-diego-2,4,4.4,6.6,3.5,,,,,,4,2,4,3.5,4.5,4,3.5,4,1,4.25,0,Ricardo,,0,1,1,0,0,0,0,0,0,0,0,0,0,0,0,0,0,0,0,0,0,0,0,0,0,0,0,0,0,0,0,0,0
218,Rigoberto's Taco Shop,Carne asada,5/13/2016,Miramar,7101 Miramar Rd,https://www.yelp.com/biz/rigobertos-taco-shop-san-diego-9,4,4.4,6.6,4,,,22,22,0.85,4,3.5,4,4,3.5,4,4,4.5,4.5,4,1,Ricardo,,0,1,1,0,0,0,0,0,0,0,0,0,0,0,0,0,0,0,0,0,0,0,0,0,0,0,0,0,0,0,0,0,0
219,Rigoberto's Taco Shop,Carne asada,5/13/2016,Miramar,7102 Miramar Rd,https://www.yelp.com/biz/rigobertos-taco-shop-san-diego-10,4,4.4,6.6,4.5,,,23,22,0.89,4,3,3,3,3.5,3,,3.5,4.5,3,1,Erin,Meat was too salty,0,1,1,0,0,0,0,0,0,0,0,0,0,0,0,0,0,0,0,0,0,0,0,0,0,0,0,0,0,0,0,0,0
220,Rigoberto's Taco Shop,Carne asada,4/4/2018,Miramar,7118 Miramar Rd,https://www.yelp.com/biz/rigobertos-taco-shop-san-diego-26,4,4.4,7.2,3,,,24.5,22.7,1,4,5,4,3,3,3,4,3,4,4,0,Han Mee,"Meat is cooked well with good overall flavor, could use a little more salk",0,1,1,0,0,0,0,0,0,0,0,0,0,0,0,0,0,0,0,0,0,0,0,0,0,0,0,0,0,0,0,0,0
247,Rigoberto's Taco Shop,Carnitas,5/13/2016,Miramar,7103 Miramar Rd,https://www.yelp.com/biz/rigobertos-taco-shop-san-diego-11,4,4.4,7.5,4,,,23.5,22.5,0.95,4,5,4,5,5,4,5,4,4,4,1,Elynn,,0,1,1,0,0,0,1,0,0,0,0,0,0,0,0,0,0,0,0,0,0,0,0,0,0,0,0,0,0,0,0,0,0
248,Rigoberto's Taco Shop,Carnitas,9/27/2016,Miramar,7111 Miramar Rd,https://www.yelp.com/biz/rigobertos-taco-shop-san-diego-19,4,4.4,6.6,3,,,,,,4,4,5,5,4.5,3,2,4,4,4,1,Elynn,,0,1,1,0,0,0,1,0,0,0,0,0,0,0,0,0,0,0,0,0,0,0,0,0,0,0,0,0,0,0,0,0,0
271,Rigoberto's Taco Shop,Chile Relleno,1/4/2017,Miramar,7113 Miramar Rd,https://www.yelp.com/biz/rigobertos-taco-shop-san-diego-21,4,4.4,6.6,,,,20.5,21.5,0.75,4,2,,4,,4.6,4.2,3.75,5,3.9,1,Sage,Orange salsa very spicy,0,0,0,0,0,0,0,0,0,0,0,0,0,0,0,0,0,0,0,0,0,0,0,0,0,0,0,0,0,0,0,0,0
282,Rigoberto's Taco Shop,El Rusio,5/13/2016,Miramar,7100 Miramar Rd,https://www.yelp.com/biz/rigobertos-taco-shop-san-diego-8,4,4.4,6.65,4,,,21.5,23,0.91,3,4.5,2.5,2,3.5,5,1.5,2,1.5,2.5,0,Scott,Fries are terrible. Burrito leaked,0,1,0,1,1,0,0,0,0,0,0,0,0,0,0,0,0,0,0,0,0,0,0,0,0,0,0,0,0,0,0,0,0
353,Rigoberto's Taco Shop,Surf & Turf,4/7/2016,Miramar,7099 Miramar Rd,https://www.yelp.com/biz/rigobertos-taco-shop-san-diego-7,4,4.4,7.45,3.5,,,,,,3,5,3.5,2.5,3,2.5,3.75,3,4,3,0,Bankole,Would have enjoyed it more if wasn't rating; shrimp better than meat. Quality of the shrimp really improves the burrito. Well cooked and fresh. Shrimp could have had more flavor,0,0,0,1,0,0,0,0,1,0,1,0,0,0,0,0,0,0,0,0,0,0,0,0,0,0,0,0,0,0,0,0,0
105,Rigoberto's Taco Shop La Jolla,California,2/17/2016,La Jolla,7345 La Jolla Blvd,https://www.yelp.com/biz/rigobertos-la-jolla-2,2.5,4,6.4,4,,,,,,3,4,2.75,3,4,2,2,,5,3,0,Leo,,0,1,0,0,1,0,0,0,0,0,0,0,0,0,0,0,0,0,0,0,0,0,0,0,0,0,0,0,0,0,0,0,0
106,Rigoberto's Taco Shop La Jolla,California,2/17/2016,La Jolla,7346 La Jolla Blvd,https://www.yelp.com/biz/rigobertos-la-jolla-3,2.5,4,6.4,2.5,,,,,,3.5,3,3,3,4,4,1.5,,4.5,3.5,0,Scott,,0,1,0,0,1,0,0,0,0,0,0,0,0,0,0,0,0,0,0,0,0,0,0,0,0,0,0,0,0,0,0,0,0
107,Rigoberto's Taco Shop La Jolla,California,2/15/2017,La Jolla,7347 La Jolla Blvd,https://www.yelp.com/biz/rigobertos-la-jolla-4,2.5,4,6.85,3.5,,,,,,3,2,3.5,3.5,4,3,3.5,3.5,4.5,3.6,0,Scott,,0,0,0,0,0,0,0,0,0,0,0,0,0,0,0,0,0,0,0,0,0,0,0,0,0,0,0,0,0,0,0,0,0
108,Rigoberto's Taco Shop La Jolla,California,2/15/2017,La Jolla,7348 La Jolla Blvd,https://www.yelp.com/biz/rigobertos-la-jolla-5,2.5,4,6.85,4,,,,,,5,5,4.5,4,5,4,4,5,5,4.3,0,Nihal,,0,0,0,0,0,0,0,0,0,0,0,0,0,0,0,0,0,0,0,0,0,0,0,0,0,0,0,0,0,0,0,0,0
109,Roberto's Taco Shop Clairemont,California,9/11/2016,Clairemont,3095 Clairemont Dr,https://www.yelp.com/biz/robertos-taco-shop-clairemont-san-diego,4,4,5.79,4,,,,,,3,4.5,4,4,4,5,2.5,3,5,3.6,1,Scott,Fries are really good but the overall flavor is plain because lack of ingredients,0,0,0,1,1,0,0,0,0,0,0,0,0,0,0,0,0,0,0,0,0,0,0,0,0,0,0,0,0,0,0,0,0
110,Roberto's Taco Shop Clairemont,California,9/11/2016,Clairemont,3096 Clairemont Dr,https://www.yelp.com/biz/robertos-taco-shop-clairemont-san-diego,4,4,5.79,4,,,,,,4,3,4,2.5,3.5,4,2,2.5,5,3,0,Benni,,0,0,0,1,1,0,0,0,0,0,0,0,0,0,0,0,0,0,0,0,0,0,0,0,0,0,0,0,0,0,0,0,0
176,Roberto's Taco Shop Clairemont,California ,9/11/2016,Clairemont,3097 Clairemont Dr,https://www.yelp.com/biz/robertos-taco-shop-clairemont-san-diego,4,4,7.29,3.7,,,,,,3.8,4.7,4,3.5,4.5,4,4,4.5,5,4,1,Luis,,0,0,1,1,1,1,0,0,0,0,0,0,0,0,0,0,0,0,0,0,0,0,0,0,0,0,0,0,0,0,0,0,0
221,Roberto's Taco Shop Clairemont,Carne asada,9/11/2016,Clairemont,3098 Clairemont Dr,https://www.yelp.com/biz/robertos-taco-shop-clairemont-san-diego,4,4,5.69,3,,,,,,4,3,1.5,3,4,4.5,3.5,2,4.5,3,0,Ricardo,,0,0,1,0,0,0,0,0,0,0,0,0,0,0,0,0,0,0,0,0,0,0,0,0,0,0,0,0,0,0,0,0,0
31,Roberto's Taco Shop Hillcrest,Carne Asada,5/30/2017,Hillcrest,420 Robinson Ave,https://www.yelp.com/biz/robertos-taco-shop-hillcrest-san-diego,4,4.2,7,3.5,450,0.625,19.5,21.5,0.72,4,4,2,2.5,4.5,4,3,2.9,4.5,2.8,0,Scott,,0,1,1,0,0,0,0,0,0,0,0,0,0,0,0,0,0,0,0,0,0,0,0,0,0,0,0,0,0,0,0,0,0
111,Roberto's Taco Shop Hillcrest,California,5/30/2017,Hillcrest,422 Robinson Ave,https://www.yelp.com/biz/robertos-taco-shop-hillcrest-san-diego,4,4.2,7,3.5,,,23,21.5,0.85,3,3,2,2,3,2,3,2,3,2.2,0,Tom,,0,0,0,1,1,1,0,0,0,0,0,0,0,0,0,0,0,0,0,0,0,0,0,0,0,0,0,0,0,0,0,0,0
112,Roberto's Taco Shop Hillcrest,California,8/14/2017,Hillcrest,424 Robinson Ave,https://www.yelp.com/biz/robertos-taco-shop-hillcrest-san-diego,4,4.2,7,4,,,19.5,21.5,0.72,4.5,5,4,4,4,3.7,3.8,4.6,4.8,4.2,0,Simon,,0,0,0,0,0,0,0,0,0,0,0,0,0,0,0,0,0,0,0,0,0,0,0,0,0,0,0,0,0,0,0,0,0
200,Roberto's Taco Shop Hillcrest,Surf & Turf,5/30/2017,Hillcrest,421 Robinson Ave,https://www.yelp.com/biz/robertos-taco-shop-hillcrest-san-diego,4,4.2,9,3,,,24,22,0.92,3.5,4,4,4,4.5,4.5,2,3.5,4,4,0,Richard,,0,0,0,0,0,0,0,0,0,0,0,0,0,0,0,0,0,0,0,0,0,0,0,0,0,0,0,0,0,0,0,0,0
249,Roberto's Very Mexican Food,Carnitas,5/24/2016,Del Mar,2207 Carmel Valley Road,https://www.yelp.com/biz/robertos-very-mexican-food-del-mar-3,3.5,3.9,5.4,3,,,18,20,0.57,2,3.5,4,2.5,3.5,1.5,1.5,3,5,2.7,0,Emily,,0,1,1,0,0,0,1,0,0,0,0,0,0,0,0,0,0,0,0,0,0,0,0,0,0,0,0,0,0,0,0,0,0
267,Roberto's Very Mexican Food,Chicken asada,5/24/2016,Del Mar,2206 Carmel Valley Road,https://www.yelp.com/biz/robertos-very-mexican-food-del-mar-2,3.5,3.9,6.5,2,,,18.5,21.5,0.68,1.5,4,2,2,4.5,1,1,2,5,1.5,0,Scott,,0,1,1,0,0,0,0,1,0,0,0,0,0,0,0,0,0,0,0,0,0,0,0,0,0,0,0,0,0,0,0,0,0
289,Rubios UCSD,Grilled fish salmon,5/17/2017,UTC,9501 Gilman Dr,https://www.yelp.com/biz/rubios-la-jolla-5,3.5,3.4,8.99,4,350,0.744680851,15.5,19.5,0.47,3.5,3,3.5,3.5,4,2,4,4,4,3.4,0,Tom,,0,0,0,0,0,0,0,0,0,1,1,0,0,0,0,0,1,0,0,0,0,0,0,0,0,0,0,0,0,0,0,1,0
370,Rubios UCSD,Tilapia one,8/30/2016,UTC,9500 Gilman Dr,https://www.yelp.com/biz/rubios-la-jolla-4,3.5,3.4,7.99,3.5,,,17,20,0.54,1.5,4,3,3,1.5,4.5,2.5,3,1.5,3.2,0,Scott,,0,0,1,0,0,0,0,0,0,1,1,0,0,0,0,0,1,0,0,0,0,0,0,0,0,0,0,0,0,0,0,1,0
250,Rudy's Taco Shop,Carnitas,4/9/2016,Solana Beach,525 Stevens Ave,http://www.rudystacoshop.com/,4,4.3,6.6,3,,,,,,3,2.5,3,4,2,1,3,3,5,3,0,Emily,,0,1,1,0,0,0,1,0,0,0,0,0,0,0,0,0,0,0,0,0,0,0,0,0,0,0,0,0,0,0,0,0,0
264,Rudy's Taco Shop,Chicken,4/9/2016,Solana Beach,524 Stevens Ave,http://www.rudystacoshop.com/,4,4.3,6.6,3.5,,,,,,3.5,3,4,4.5,3,1,3,4,0.5,2.8,0,Scott,"Salsa Fresca is good, way too small",0,1,1,0,0,0,0,1,0,0,0,0,0,0,0,0,0,0,0,0,0,0,0,0,0,0,0,0,0,0,0,0,0
113,Senor Grubby's,California,4/24/2016,Carlsbad,377 Carlsbad Village Dr,eatgrubbys.com,4,4.1,9,2,,,19,21.5,0.7,2,3.5,3,1.5,1,1,2.5,1.5,3.5,1.5,0,Scott,"The ends of the burrito were decent, but the middle was terrible without much meat",0,1,0,1,1,0,0,0,0,0,0,0,0,0,0,0,0,0,0,0,0,0,0,0,0,0,0,0,0,0,0,0,0
323,Senor Grubby's,Al Pastor,4/24/2016,Carlsbad,378 Carlsbad Village Dr,eatgrubbys.com,4,4.1,9,2,,,18.5,23,0.78,2.5,2.5,1.5,2.5,1,2,2.5,2,5,1.8,0,Emily,,0,0,1,0,0,0,1,0,0,0,0,0,0,0,0,0,0,0,0,1,1,0,0,0,0,0,0,0,0,0,0,0,0
114,Senor Panchos,California,8/21/2016,San Marcos,1910 W San Marcos Blvd,https://www.yelp.com/biz/senor-panchos-mexican-restaurant-san-marcos,4,4.2,6.25,3,,,21,19.5,0.64,3,4,4,3,3.5,4.5,4,4,5,4,1,Emily,feels very dense; a lot of meat,0,0,0,0,0,0,0,0,0,0,0,0,0,0,0,0,0,0,0,0,0,0,0,0,0,0,0,0,0,0,0,0,0
327,Senor Panchos,Pollo asado,8/21/2016,San Marcos,1909 W San Marcos Blvd,https://www.yelp.com/biz/senor-panchos-mexican-restaurant-san-marcos,4,4.2,6.25,3.5,,,21.5,19.5,0.65,2.5,3.5,3,3,5,4.5,3.5,2,5,2.9,0,Scott,"guac is good, very avocado-y",0,0,0,0,0,0,0,0,0,0,0,0,0,0,0,0,0,0,0,0,0,0,0,0,0,0,0,0,0,0,0,0,0
115,Sotos Mexican Food,California,5/4/2016,Miramar ,6904 Miramar Rd,https://www.yelp.com/biz/sotos-mexican-food-san-diego,4.5,4.6,6.75,3,,,22.5,23,0.95,4.5,4,3,4,1,3,4.5,3.5,4.5,3.5,1,Scott,Fries are good. Too little meat,0,0,1,1,1,1,0,0,0,0,0,0,0,0,0,0,0,0,0,0,0,0,0,0,0,0,0,0,0,0,0,0,0
324,Sotos Mexican Food,Al Pastor,5/4/2016,Miramar ,6905 Miramar Rd,https://www.yelp.com/biz/sotos-mexican-food-san-diego,4.5,4.6,5.99,2,,,21,22,0.81,4,2,2.5,4,4,3,3.5,4,5,3.2,0,Emily,Free lime. Ingredients chopped finely,0,0,1,0,0,0,1,0,0,0,0,0,0,0,0,0,0,0,0,1,1,0,0,0,0,0,0,0,0,0,0,0,0
126,Taco Stand Encinitas,California,6/10/2017,Encinitas ,644 S Coast Hwy 101,https://www.yelp.com/biz/the-taco-stand-encinitas,4,4.4,7.89,4,,,18,21.5,0.66,3,,4,4,4.5,4,4.5,4.5,5,4.5,0,Emily,,0,0,0,0,0,0,0,0,0,0,0,0,0,0,0,0,0,0,0,0,0,0,0,0,0,0,0,0,0,0,0,0,0
165,Taco Stand Encinitas,California ,10/29/2016,Encinitas ,642 S Coast Hwy 101,https://www.yelp.com/biz/the-taco-stand-encinitas,4,4.4,7.49,4,,,17.5,23.5,0.77,2,3.5,4.2,4.3,4,2.2,4.5,4,2.2,4.2,1,Scott,Much better than the first time we tried this location ,0,0,0,0,0,0,0,0,0,0,0,0,0,0,0,0,0,0,0,0,0,0,0,0,0,0,0,0,0,0,0,0,0
166,Taco Stand Encinitas,California ,10/29/2016,Encinitas ,643 S Coast Hwy 101,https://www.yelp.com/biz/the-taco-stand-encinitas,4,4.4,7.49,2,,,18.5,22,0.71,3.8,3.8,4,4.2,3.75,4,4.75,4.4,3.8,4.2,1,Emily,Possibly favorite green salsa so far,0,0,0,0,0,0,0,0,0,0,0,0,0,0,0,0,0,0,0,0,0,0,0,0,0,0,0,0,0,0,0,0,0
127,Taco Stand Encinitas ,California,6/10/2017,Encinitas ,645 S Coast Hwy 101,https://www.yelp.com/biz/the-taco-stand-encinitas,4,4.4,7.89,4,,,19,22.5,0.77,3,,4.5,4,4.5,4.5,4.5,4.8,3.3,4.7,0,Scott,,0,0,0,0,0,0,0,0,0,0,0,0,0,0,0,0,0,0,0,0,0,0,0,0,0,0,0,0,0,0,0,0,0
18,Taco Stand La Jolla,Al Pastor,3/18/2016,La Jolla,626 Pearl St,http://letstaco.com/,4.5,4.4,6.99,4,,,,,,4,3,3.5,3,4,5,3,3.5,5,3.5,0,Emily,Kind of dry ,0,0,0,0,0,0,1,0,0,0,0,0,0,0,0,0,0,0,0,1,1,0,1,0,0,0,0,0,0,0,0,0,0
19,Taco Stand La Jolla,Al Pastor,6/6/2016,La Jolla,637 Pearl St,http://letstaco.com/,4.5,4.4,6.99,3.5,,,18.5,21,0.65,4,3.5,4,3.5,4,5,2.5,4,4.5,3.9,1,Scott,,0,0,0,0,0,0,1,0,0,0,0,0,0,0,0,0,0,1,0,1,1,0,1,0,0,0,0,0,0,0,0,0,0
20,Taco Stand La Jolla,Al Pastor,6/6/2016,La Jolla,638 Pearl St,http://letstaco.com/,4.5,4.4,6.99,5,,,,,,4,4,4,4,2,3,3,4,3,3.5,1,Brad P,,0,0,0,0,0,0,1,0,0,0,0,0,0,0,0,0,0,1,0,1,1,0,1,0,0,0,0,0,0,0,0,0,0
21,Taco Stand La Jolla,Al Pastor,9/16/2016,La Jolla,641 Pearl St,http://letstaco.com/,4.5,4.4,6.99,4,,,,,,4.5,4,4.5,4.5,4.5,4.5,4.5,5,4,4.5,1,Mike,,0,0,0,0,0,0,0,0,0,0,0,0,0,0,0,0,0,0,0,0,0,0,0,0,0,0,0,0,0,0,0,0,0
116,Taco Stand La Jolla,California,2/12/2016,La Jolla,621 Pearl St,http://letstaco.com/,4.5,4.4,7.49,4,,,,,,3,2.5,4,4,3.5,2.5,3.5,5,4.5,4.2,0,Emily,Horchata is very sweet,0,1,1,1,1,1,0,0,0,0,0,0,0,0,0,0,0,0,0,0,0,0,0,0,0,0,0,0,0,0,0,0,0
117,Taco Stand La Jolla,California,2/28/2016,La Jolla,623 Pearl St,http://letstaco.com/,4.5,4.4,7.49,2.5,,,,,,4,3,4,4,4,4,4,4,3,4.6,0,Scott,,0,1,1,1,1,1,0,0,0,0,0,0,0,0,0,0,0,0,0,0,0,0,0,0,0,0,0,0,0,0,0,0,0
118,Taco Stand La Jolla,California,2/28/2016,La Jolla,624 Pearl St,http://letstaco.com/,4.5,4.4,7.49,2.5,,,,,,3,2,4.5,4,4,3.5,3,4.5,4.5,4.5,0,Emily,,0,1,1,1,1,1,0,0,0,0,0,0,0,0,0,0,0,0,0,0,0,0,0,0,0,0,0,0,0,0,0,0,0
119,Taco Stand La Jolla,California,4/25/2026,La Jolla,629 Pearl St,http://letstaco.com/,4.5,4.4,8,4,,,21.59,,,4.5,5,5,5,4.5,5,3,5,5,4.9,1,Sage,A wonderful eating experience. best California burrito I've ever had by far. ,0,1,1,1,1,0,0,0,0,0,0,0,0,0,0,0,0,0,0,0,0,0,0,0,0,0,0,0,0,0,0,0,0
120,Taco Stand La Jolla,California,5/6/2016,La Jolla,630 Pearl St,http://letstaco.com/,4.5,4.4,7.49,3.5,,,19,22,0.73,3.5,4,4,4,3.5,3,4,4.5,3,4.2,1,Scott,Less meat than usual,0,1,1,1,1,1,0,0,0,0,0,0,0,0,0,0,0,0,0,0,0,0,0,0,0,0,0,0,0,0,0,0,0
121,Taco Stand La Jolla,California,5/6/2016,La Jolla,631 Pearl St,http://letstaco.com/,4.5,4.4,7.49,4,,,16.5,25,0.82,4,3.5,4,4,4.5,5,4.5,5,4.5,4.5,1,Ricardo,,0,1,1,1,1,1,0,0,0,0,0,0,0,0,0,0,0,0,0,0,0,0,0,0,0,0,0,0,0,0,0,0,0
122,Taco Stand La Jolla,California,5/6/2016,La Jolla,632 Pearl St,http://letstaco.com/,4.5,4.4,7.49,4,,,17,25.5,0.88,3,3,4,3.5,3.5,4,3.5,4,2.5,3.7,1,Luis,,0,1,1,1,1,1,0,0,0,0,0,0,0,0,0,0,0,0,0,0,0,0,0,0,0,0,0,0,0,0,0,0,0
123,Taco Stand La Jolla,California,5/6/2016,La Jolla,633 Pearl St,http://letstaco.com/,4.5,4.4,7.49,3,,,17.7,21.5,0.65,4,2,5,5,1,3,5,4,3,4,1,Elynn,,0,1,1,1,1,1,0,0,0,0,0,0,0,0,0,0,0,0,0,0,0,0,0,0,0,0,0,0,0,0,0,0,0
124,Taco Stand La Jolla,California,5/6/2016,La Jolla,634 Pearl St,http://letstaco.com/,4.5,4.4,7.49,1,,,20,23.5,0.88,4,3,4,4.5,5,4.5,3,4.5,4,4,1,Sandra,,0,1,1,1,1,1,0,0,0,0,0,0,0,0,0,0,0,0,0,0,0,0,0,0,0,0,0,0,0,0,0,0,0
125,Taco Stand La Jolla,California,9/16/2016,La Jolla,642 Pearl St,http://letstaco.com/,4.5,4.4,7.49,4.1,,,,,,4,4.5,4.5,4.5,4.7,4.5,4.2,4.5,5,4.7,1,Luis,,0,0,0,0,0,0,0,0,0,0,0,0,0,0,0,0,0,0,0,0,0,0,0,0,0,0,0,0,0,0,0,0,0
161,Taco Stand La Jolla,California ,8/17/2016,La Jolla,639 Pearl St,http://letstaco.com/,4.5,4.4,7.49,2,,,18.5,21.5,0.68,4,5,4.5,3.5,3.5,2,3.5,4,5,4,1,Scott,,0,1,1,1,1,1,0,0,0,0,0,0,0,0,0,0,0,0,0,0,0,0,0,0,0,0,0,0,0,0,0,0,0
162,Taco Stand La Jolla,California ,8/17/2016,La Jolla,640 Pearl St,http://letstaco.com/,4.5,4.4,7.49,2.5,,,16.5,23.5,0.73,3.5,5,4,3,4,4.5,3,3.5,5,4,1,TJ,,0,1,1,1,1,1,0,0,0,0,0,0,0,0,0,0,0,0,0,0,0,0,0,0,0,0,0,0,0,0,0,0,0
163,Taco Stand La Jolla,California ,12/29/2017,La Jolla,643 Pearl St,http://letstaco.com/,4.5,4.4,7.89,4,,,19,23,0.8,4,3,4,4,3,4,3.5,4.3,4.5,4.2,0,Scott,,0,0,0,0,0,0,0,0,0,0,0,0,0,0,0,0,0,0,0,0,0,0,0,0,0,0,0,0,0,0,0,0,0
164,Taco Stand La Jolla,California ,12/29/2017,La Jolla,644 Pearl St,http://letstaco.com/,4.5,4.4,7.89,5,,,20,21.5,0.74,5,5,5,5,4,4,5,5,3,4.5,0,Ben S,,0,0,0,0,0,0,0,0,0,0,0,0,0,0,0,0,0,0,0,0,0,0,0,0,0,0,0,0,0,0,0,0,0
222,Taco Stand La Jolla,Carne asada,3/18/2016,La Jolla,625 Pearl St,http://letstaco.com/,4.5,4.4,7.89,1,,,,,,3,3.5,4.5,4,5,5,4.5,3.5,5,4.2,0,Scott,,0,1,1,0,0,0,0,0,0,0,0,0,0,0,0,0,0,0,0,0,0,0,0,0,0,0,0,0,0,0,0,0,0
223,Taco Stand La Jolla,Carne asada,4/14/2016,La Jolla,627 Pearl St,http://letstaco.com/,4.5,4.4,7.89,3.5,,,,,,3,2,4.5,4,4,1.5,4.5,4.5,4.5,4.4,1,Scott,Too small ,0,1,1,0,0,0,0,0,0,0,0,0,0,0,0,0,0,0,0,0,0,0,0,0,0,0,0,0,0,0,0,0,0
224,Taco Stand La Jolla,Carne asada,4/14/2016,La Jolla,628 Pearl St,http://letstaco.com/,4.5,4.4,7.89,2,,,,,,3,2.5,4.5,3.5,4.5,3,4,3.5,5,3.5,1,Richard,A little small. No rice and beans or cheese or sour cream,0,1,1,0,0,0,0,0,0,0,0,0,0,0,0,0,0,0,0,0,0,0,0,0,0,0,0,0,0,0,0,0,0
225,Taco Stand La Jolla,Carne asada,5/6/2016,La Jolla,635 Pearl St,http://letstaco.com/,4.5,4.4,7.89,4,,,18,25,0.9,4,2,4,3,4,4,4,3.5,4,3.5,1,Brent,,0,1,1,0,0,0,0,0,0,0,0,0,0,0,0,0,0,0,0,0,0,0,0,0,0,0,0,0,0,0,0,0,0
356,Taco Stand La Jolla,Surf & Turf,2/12/2016,La Jolla,622 Pearl St,http://letstaco.com/,4.5,4.4,8.49,2.5,,,,,,4,4,4.5,4,5,4.5,3.5,4,2,4.1,0,Scott,,0,1,1,0,0,0,0,0,1,0,0,0,0,0,0,0,1,0,0,0,0,0,0,0,0,0,0,0,0,0,0,0,0
128,Taco Surf PB,California,5/23/2016,Pacific Beach,4657 Mission Blvd,https://www.yelp.com/biz/taco-surf-taco-shop-san-diego,4,4.6,7.14,3.5,,,20,23,0.84,4,2,4,5,4,2,4,4.5,5,4.4,1,Scott,not too much rice,0,0,1,1,1,1,0,0,0,0,1,0,0,0,0,0,0,0,0,0,0,0,0,0,0,0,0,0,0,0,0,0,0
129,Taco Surf PB,California,5/23/2016,Pacific Beach,4658 Mission Blvd,https://www.yelp.com/biz/taco-surf-taco-shop-san-diego,4,4.6,7.14,5,,,20.5,24,0.94,4,2,4.5,4,3.5,2,3,4,4,4.1,1,Sage,hashbrowns instead of fries; anterior-posterior uniformity is good but medial-lateral is bad,0,0,1,1,1,1,0,0,0,0,1,0,0,0,0,0,0,0,0,0,0,0,0,0,0,0,0,0,0,0,0,0,0
226,Taco Surf PB,Carne asada,5/23/2016,Pacific Beach,4659 Mission Blvd,https://www.yelp.com/biz/taco-surf-taco-shop-san-diego,4,4.6,6.02,3.2,,,19.5,20.5,0.65,4.5,2,3.3,3.4,4.5,4.5,3.8,3.7,5,3.7,1,Dan,one hot side and one cold side from the guac,0,0,1,0,0,0,0,0,0,0,0,0,0,0,0,0,0,0,0,0,0,0,0,0,0,0,0,0,0,0,0,0,0
22,Taco Villa,Al Pastor,9/29/2016,UTC,9501 Gilman Dr,https://www.yelp.com/biz/taco-villa-san-diego,3.5,3.5,5.99,4,,,18,20,0.57,3.5,3.5,2,3,4.5,4.5,3,3,5,3.2,0,Scott,get the carnitas,0,1,1,0,0,0,1,0,0,0,0,0,0,0,0,0,0,0,0,0,0,0,0,0,0,0,0,0,0,0,0,0,0
23,Taco Villa,Al Pastor,10/27/2016,UTC,9507 Gilman Dr,https://www.yelp.com/biz/taco-villa-san-diego,3.5,3.5,,4.5,,,,,,3,4,4,4,4,4,4,4,3,4,1,Marc,,0,1,0,0,0,0,1,0,0,0,0,1,0,0,0,0,0,0,0,0,0,0,0,0,0,0,0,0,0,0,0,0,0
24,Taco Villa,Al Pastor,1/20/2017,UTC,9512 Gilman Dr,https://www.yelp.com/biz/taco-villa-san-diego,3.5,3.5,6.99,3.5,,,18.5,20.5,0.62,2.5,4.5,4,4,2,3,3,3,4,3,0,Ricardo ,,0,0,0,0,0,0,0,0,0,0,0,0,0,0,0,0,0,0,0,0,0,0,0,0,0,0,0,0,0,0,0,0,0
41,Taco Villa,Bean and cheese,10/27/2016,UTC,9509 Gilman Dr,https://www.yelp.com/biz/taco-villa-san-diego,3.5,3.5,,3,,,,,,5,5,,3,2,2,,1,5,2,0,Shijia,,0,0,0,1,0,0,0,0,0,0,0,1,0,0,0,0,0,0,0,0,0,0,0,0,0,0,0,0,0,0,0,0,0
46,Taco Villa,Breakfast,10/18/2016,UTC,9504 Gilman Dr,https://www.yelp.com/biz/taco-villa-san-diego,3.5,3.5,4.99,4,,,,,,4.5,5,3,3,3,2.5,0,2.5,5,3,0,Sage,pretty standard breakfast burrito. eggs and cheese. great tortilla! morning protein!,0,0,0,0,0,0,0,0,0,0,0,0,0,0,0,0,0,0,0,0,0,0,0,0,0,0,0,0,0,0,0,0,0
130,Taco Villa,California,2/21/2017,UTC,9513 Gilman Dr,https://www.yelp.com/biz/taco-villa-san-diego,3.5,3.5,,4.3,,,18.5,21.5,0.68,3,3,3.5,4,3,1.5,3.8,4,5,4,0,Scott,Salsa much better this time than before,0,0,0,0,0,0,0,0,0,0,0,0,0,0,0,0,0,0,0,0,0,0,0,0,0,0,0,0,0,0,0,0,0
131,Taco VIlla,California,7/19/2017,UTC,9517 Gilman Dr,https://www.yelp.com/biz/taco-villa-san-diego,3.5,3.5,6.99,4,,,20.5,21.5,0.75,4,,3.5,3.5,3.5,3.5,3.5,3.5,5,3.7,0,Scott,,0,0,0,0,0,0,0,0,0,0,0,0,0,0,0,0,0,0,0,0,0,0,0,0,0,0,0,0,0,0,0,0,0
132,Taco Villa,California,5/1/2018,UTC,9526 Gilman Dr,https://www.yelp.com/biz/taco-villa-san-diego,3.5,3.5,6.99,4,,,18,23,0.76,3.5,3,3.2,3.2,3.2,4,3,2.5,4.5,3.2,0,Scott,I ordered carnitas,0,0,0,0,0,0,0,0,0,0,0,0,0,0,0,0,0,0,0,0,0,0,0,0,0,0,0,0,0,0,0,0,0
167,Taco Villa,California ,10/17/2016,UTC,9503 Gilman Dr,https://www.yelp.com/biz/taco-villa-san-diego,3.5,3.5,6.99,3.5,,,19,20,0.6,3,3,3,3,3.7,3.5,3.8,3,5,3.5,1,Scott,Pretty decent,0,0,0,1,1,1,0,0,0,0,0,0,0,0,0,0,0,0,0,0,0,0,0,0,0,0,0,0,0,0,0,0,0
227,Taco Villa,Carne asada,7/12/2017,UTC,9516 Gilman Dr,https://www.yelp.com/biz/taco-villa-san-diego,3.5,3.5,6.99,3,,,,,,3,4.5,2,3,2.5,4,2,2,4,2,0,Richard,,0,0,0,0,0,0,0,0,0,0,0,0,0,0,0,0,0,0,0,0,0,0,0,0,0,0,0,0,0,0,0,0,0
228,Taco Villa,Carne asada,8/25/2017,UTC,9519 Gilman Dr,https://www.yelp.com/biz/taco-villa-san-diego,3.5,3.5,6.99,3.5,,,,,,4,4,4,4.5,4,3.5,4,4,4,4.3,0,Nuttida,,0,0,0,0,0,0,0,0,0,0,0,0,0,0,0,0,0,0,0,0,0,0,0,0,0,0,0,0,0,0,0,0,0
251,Taco Villa,Carnitas,9/26/2016,UTC,9500 Gilman Dr,https://www.yelp.com/biz/taco-villa-san-diego,3.5,3.5,5.99,2.5,,,18.5,20,0.59,3.2,3.8,4.5,2.8,4,2,1.8,3.5,5,4,1,Scott,Carnitas very good,0,1,1,0,0,0,1,0,0,0,0,0,0,0,0,0,0,0,0,0,0,0,0,0,0,0,0,0,0,0,0,0,0
252,Taco Villa,Carnitas,10/27/2016,UTC,9505 Gilman Dr,https://www.yelp.com/biz/taco-villa-san-diego,3.5,3.5,5.95,3,,,18,20,0.57,4,3,4,3,4,2,3.5,3,5,3.9,1,Scott,,0,1,1,0,0,0,1,0,0,0,0,0,0,0,0,0,0,0,0,0,0,0,0,0,0,0,0,0,0,0,0,0,0
253,Taco Villa,Carnitas,4/25/2017,UTC,9514 Gilman Dr,https://www.yelp.com/biz/taco-villa-san-diego,3.5,3.5,5.99,4,450,0.703125,20,20,0.64,2,4.5,4.5,3,3.8,4.4,2.5,3.5,3,4,0,Scott,,0,1,1,0,0,0,1,0,0,0,0,0,0,0,0,0,0,0,0,0,0,0,0,0,0,0,0,0,0,0,0,0,0
254,Taco Villa,Carnitas,4/25/2017,UTC,9515 Gilman Dr,https://www.yelp.com/biz/taco-villa-san-diego,3.5,3.5,5.99,4,,,18.5,20,0.59,4,4,4,3,4,3.5,2.5,3.5,5,3.5,0,Richard,,0,1,1,0,0,0,1,0,0,0,0,0,0,0,0,0,0,0,0,0,0,0,0,0,0,0,0,0,0,0,0,0,0
255,Taco Villa,Carnitas,8/25/2017,UTC,9518 Gilman Dr,https://www.yelp.com/biz/taco-villa-san-diego,3.5,3.5,5.99,2,,,20,21.5,0.74,2,2.5,4,3,4,3.5,3,3,5,3.8,0,Scott,,0,0,0,0,0,0,0,0,0,0,0,0,0,0,0,0,0,0,0,0,0,0,0,0,0,0,0,0,0,0,0,0,0
256,Taco Villa,Carnitas,4/9/2018,UTC,9520 Gilman Dr,https://www.yelp.com/biz/taco-villa-san-diego,3.5,3.5,5.99,3,,,20,23,0.84,3.5,5,4.3,3.5,5,4,3,3.8,2,4.1,0,Scott,,0,1,1,0,0,0,1,0,0,0,0,0,0,0,0,0,0,0,0,0,0,0,0,0,0,0,0,0,0,0,0,0,0
257,Taco Villa,Carnitas,4/9/2018,UTC,9521 Gilman Dr,https://www.yelp.com/biz/taco-villa-san-diego,3.5,3.5,5.99,3.5,,,17.5,24,0.8,4,4.5,5,4.5,5,4,4,4.5,4,4,0,Nuttida ,,0,1,1,0,0,0,1,0,0,0,0,0,0,0,0,0,0,0,0,0,0,0,0,0,0,0,0,0,0,0,0,0,0
258,Taco Villa,Carnitas,4/9/2018,UTC,9522 Gilman Dr,https://www.yelp.com/biz/taco-villa-san-diego,3.5,3.5,5.99,2,,,19,24.5,0.91,2,3.5,4.5,4,4,2,3,4,2,3.5,0,Elynn,,0,1,1,0,0,0,1,0,0,0,0,0,0,0,0,0,0,0,0,0,0,0,0,0,0,0,0,0,0,0,0,0,0
259,Taco Villa,Carnitas,4/20/2018,UTC,9524 Gilman Dr,https://www.yelp.com/biz/taco-villa-san-diego,3.5,3.5,5.99,3,,,20,20.5,0.67,2,5,4.5,3.5,4.5,4.5,2.5,3.5,1.5,4,0,Scott,so greasy. But grilled onions are good,0,0,0,0,0,0,0,0,0,0,0,0,0,0,0,0,0,0,0,0,0,0,0,0,0,0,0,0,0,0,0,0,0
260,Taco Villa,Carnitas,5/7/2018,UTC,9527 Gilman Dr,https://www.yelp.com/biz/taco-villa-san-diego,3.5,3.5,5.99,3.5,,,19.5,21,0.68,2.5,3,4,3.5,2.5,2.5,3.3,3,4,3.7,0,Scott,Worse than usual,0,0,0,0,0,0,0,0,0,0,0,0,0,0,0,0,0,0,0,0,0,0,0,0,0,0,0,0,0,0,0,0,0
261,Taco Villa,Carnitas,5/7/2018,UTC,9528 Gilman Dr,https://www.yelp.com/biz/taco-villa-san-diego,3.5,3.5,5.99,3.5,,,18.5,24,0.85,4,4,4.5,4,4.5,5,4,4,,4.5,0,Nuttida,I like the onions,0,0,0,0,0,0,0,0,0,0,0,0,0,0,0,0,0,0,0,0,0,0,0,0,0,0,0,0,0,0,0,0,0
262,Taco Villa,Carnitas ,4/20/2018,UTC,9525 Gilman Dr,https://www.yelp.com/biz/taco-villa-san-diego,3.5,3.5,5.99,5,,,22,19,0.63,4,4.5,3.5,4,4,3.5,4,4,3.5,4,0,Nuttida,it was greasy. But he grilled onions made it good,0,0,0,0,0,0,0,0,0,0,0,0,0,0,0,0,0,0,0,0,0,0,0,0,0,0,0,0,0,0,0,0,0
265,Taco Villa,Chicken,1/10/2017,UTC,9510 Gilman Dr,https://www.yelp.com/biz/taco-villa-san-diego,3.5,3.5,4.99,3.5,,,18.5,22.5,0.75,2.5,4.5,3,2.5,3,3,2,2,4,3,0,Scott,Somehow way better when it was leftover,0,0,0,0,0,0,0,0,0,0,0,0,0,0,0,0,0,0,0,0,0,0,0,0,0,0,0,0,0,0,0,0,0
266,Taco Villa,Chicken and rice,10/12/2016,UTC,9502 Gilman Dr,https://www.yelp.com/biz/taco-villa-san-diego,3.5,3.5,4.95,3,,,,,,3.5,5,4,4,3.78,5,,4.7,5,4.2,0,Sage,chicken and rice burrito. simple and delicious. ,0,0,0,0,0,0,0,0,0,0,0,0,0,0,0,0,0,0,0,0,0,0,0,0,0,0,0,0,0,0,0,0,0
272,Taco Villa,Chile Verde (pork),4/16/2018,UTC,9523 Gilman Dr,https://www.yelp.com/biz/taco-villa-san-diego,3.5,3.5,5.99,3.5,,,17,21.5,0.63,4,4.5,3.5,3,4.5,3,3,2.5,2.5,3.6,0,Scott,,0,0,0,0,0,0,1,0,0,0,0,1,0,0,0,0,0,0,1,0,0,0,0,0,0,0,0,0,0,0,0,0,0
328,Taco Villa,Pollo asado,1/20/2017,UTC,9511 Gilman Dr,https://www.yelp.com/biz/taco-villa-san-diego,3.5,3.5,5.99,4.5,,,18.5,21,0.65,2,4,2.5,3.5,4.5,3,2,1.5,3.4,3.1,0,Scott,,0,0,0,0,0,0,0,0,0,0,0,0,0,0,0,0,0,0,0,0,0,0,0,0,0,0,0,0,0,0,0,0,0
336,Taco Villa,Shrimp with guac,10/27/2016,UTC,9508 Gilman Dr,https://www.yelp.com/biz/taco-villa-san-diego,3.5,3.5,,2,,,,,,2,4,3,4,4,4,3,4,4,3,1,Jeremy,,0,0,0,0,0,0,0,0,0,0,0,0,0,0,0,0,0,0,0,0,0,0,0,0,0,0,0,0,0,0,0,0,0
366,Taco Villa,Tejano,10/27/2016,UTC,9506 Gilman Dr,https://www.yelp.com/biz/taco-villa-san-diego,3.5,3.5,6.99,3.5,,,19,21,0.67,2,5,4.2,3,4.7,5,3.7,4.2,5,4,1,Sage,,0,0,0,1,1,0,0,1,0,0,0,0,0,0,0,0,0,0,0,0,0,0,0,0,0,0,0,0,0,0,0,0,0
12,Tony's Fresh Mexican Food,Adobada,5/22/2018,Miramar,7128 Miramar Rd,https://www.yelp.com/biz/tonys-fresh-mexican-food-san-diego,3,4.1,7.39,4,,,24,21,0.84,5,4,4,3,4,5,4,4,5,4,0,Nick G.,,0,0,0,0,0,0,0,0,0,0,0,0,0,0,0,0,0,0,0,0,0,0,0,0,0,0,0,0,0,0,0,0,0
13,Tony's Fresh Mexican Food,Adobada,5/22/2018,Miramar,7129 Miramar Rd,https://www.yelp.com/biz/tonys-fresh-mexican-food-san-diego,3,4.1,7.39,4.5,,,21,22.5,0.85,3.5,4.5,4,3.5,2,1,3.5,3.5,4,3.5,0,Ricardo,,0,0,0,0,0,0,0,0,0,0,0,0,0,0,0,0,0,0,0,0,0,0,0,0,0,0,0,0,0,0,0,0,0
40,Tony's Fresh Mexican Food,Battered Fish,2/11/2016,Miramar,7124 Miramar Rd,https://www.yelp.com/biz/tonys-fresh-mexican-food-san-diego,3,4.1,6.99,3,,,,,,3,1,1.5,2.5,4,4,3,4.5,5,2,0,Nicole,,0,0,0,0,0,0,0,0,0,1,0,0,0,0,0,0,1,1,0,0,0,0,0,0,0,0,0,0,0,0,0,0,0
133,Tony's Fresh Mexican Food,California,2/11/2016,Miramar,7123 Miramar Rd,https://www.yelp.com/biz/tonys-fresh-mexican-food-san-diego,3,4.1,6.25,3.5,,,,,,3,3.5,3.5,4,2,3.5,1,4,4,3.9,0,Scott,,0,1,0,1,1,0,0,0,0,0,0,0,0,0,0,0,0,0,0,0,0,0,0,0,0,0,0,0,0,0,0,0,0
134,Tony's Fresh Mexican Food,California,2/11/2016,Miramar,7125 Miramar Rd,https://www.yelp.com/biz/tonys-fresh-mexican-food-san-diego,3,4.1,6.25,3,,,,,,4,,2,2,4,4,,3,4,2.75,0,Cris,"to-go, no guac or sour cream, fries are a small and underdone",0,1,0,1,1,0,0,0,0,0,0,0,0,0,0,0,0,0,0,0,0,0,0,0,0,0,0,0,0,0,0,0,0
274,Tony's Fresh Mexican Food,Chile verde pork,2/11/2016,Miramar,7122 Miramar Rd,https://www.yelp.com/biz/tonys-fresh-mexican-food-san-diego,3,4.1,6.95,2,,,,,,3,4,4,3,4,4,1,2,1,3,0,Marc,,0,1,0,0,1,0,1,0,0,0,1,1,0,0,0,1,0,0,0,0,0,0,0,0,0,0,0,0,0,0,0,0,0
299,Tony's Fresh Mexican Food,La Paz,5/22/2018,Miramar,7126 Miramar Rd,https://www.yelp.com/biz/tonys-fresh-mexican-food-san-diego,3,4.1,9.99,5,,,20,22,0.77,4,4,3,3,5,3.5,,3,4.5,4,0,Hannah,,0,0,0,0,0,0,0,0,0,0,0,0,0,0,0,0,0,0,0,0,0,0,0,0,0,0,0,0,0,0,0,0,0
300,Tony's Fresh Mexican Food,La Paz,5/22/2018,Miramar,7127 Miramar Rd,https://www.yelp.com/biz/tonys-fresh-mexican-food-san-diego,3,4.1,9.99,4,,,20,22,0.77,5,5,3,3,4,4,2,4,3,4,0,Mike,,0,0,0,0,0,0,0,0,0,0,0,0,0,0,0,0,0,0,0,0,0,0,0,0,0,0,0,0,0,0,0,0,0
373,Tony's Fresh Mexican Food,Veggie,5/22/2018,Miramar,7130 Miramar Rd,https://www.yelp.com/biz/tonys-fresh-mexican-food-san-diego,3,4.1,7.39,4,,,22,20,0.7,3,5,,3,,4,,3,4,3.5,0,Erin,,0,0,0,0,0,0,0,0,0,0,0,0,0,0,0,0,0,0,0,0,0,0,0,0,0,0,0,0,0,0,0,0,0
135,Valentines Mexican Food,California,11/16/2016,Downtown,1161 Sixth Ave,https://www.yelp.com/biz/valentines-mexican-food-san-diego-10,4,4,7.9,4,,,20,22,0.77,3,5,5,4,5,4,3,5,2,4.5,1,Shreejoy,,0,0,0,0,0,0,0,0,0,0,0,0,0,0,0,0,0,0,0,0,0,0,0,0,0,0,0,0,0,0,0,0,0
136,Valentines Mexican Food,California,11/16/2016,Downtown,1162 Sixth Ave,https://www.yelp.com/biz/valentines-mexican-food-san-diego-11,4,4,7.9,4,,,20,21.5,0.74,4,4,3,4,4,4,3,3,4,4,1,@synapticlee,,0,0,0,0,0,0,0,0,0,0,0,0,0,0,0,0,0,0,0,0,0,0,0,0,0,0,0,0,0,0,0,0,0
137,Valentines Mexican Food,California,11/16/2016,Downtown,1163 Sixth Ave,https://www.yelp.com/biz/valentines-mexican-food-san-diego-12,4,4,7.9,3.5,,,,,,4,3.5,4.7,4,4.5,4.5,4.5,4,3.5,4.7,1,@danjlurie,,0,0,0,0,0,0,0,0,0,0,0,0,0,0,0,0,0,0,0,0,0,0,0,0,0,0,0,0,0,0,0,0,0
168,Valentines Mexican Food,California ,10/1/2016,Downtown,1157 Sixth Ave,https://www.yelp.com/biz/valentines-mexican-food-san-diego-6,4,4,7.9,4,,,20,22,0.77,4,4,4,4,4.5,4,4,4,2.5,4.2,1,Scott,Best horchata. Fries are great. Chips are really good,0,1,1,1,1,0,0,0,0,0,0,0,0,0,0,0,0,0,0,0,0,0,0,0,0,0,0,0,0,0,0,0,0
180,Valentines Mexican Food,California ,10/1/2016,Downtown,1158 Sixth Ave,https://www.yelp.com/biz/valentines-mexican-food-san-diego-7,4,4,7.9,3,,,18.5,22,0.71,4,4,3.5,4.5,4,3.5,2.5,4,1.5,4,1,Emily,"Chips really good, really good but a little bit spicy chipotle. Very good horchata",0,1,1,1,1,0,0,0,0,0,0,0,0,0,0,0,0,1,0,0,0,0,0,0,0,0,0,0,0,0,0,0,0
229,Valentines Mexican Food,Carne asada,11/16/2016,Downtown,1159 Sixth Ave,https://www.yelp.com/biz/valentines-mexican-food-san-diego-8,4,4,6.75,3,,,18,21.5,0.66,4.5,4.7,4.5,3.5,4,4.5,4.5,3.5,5,4.2,1,Scott,,0,0,1,0,0,0,0,0,0,0,0,0,0,0,0,0,0,0,0,0,0,0,0,0,0,0,0,0,0,0,0,0,0
230,Valentines Mexican Food,Carne asada,8/7/2017,Downtown,1164 Sixth Ave,https://www.yelp.com/biz/valentines-mexican-food-san-diego-13,4,4,6.75,4,,,19.5,21,0.68,4,4.5,3.5,3.5,4.5,4.5,3,3.5,4,3.9,0,Scott,,0,0,0,0,0,0,0,0,0,0,0,0,0,0,0,0,0,0,0,0,0,0,0,0,0,0,0,0,0,0,0,0,0
329,Valentines Mexican Food,Pork california,11/16/2016,Downtown,1160 Sixth Ave,https://www.yelp.com/biz/valentines-mexican-food-san-diego-9,4,4,7.9,4,,,19,22,0.73,5,5,4,5,5,3,4,5,3,5,1,Justin K,,0,0,0,0,0,0,0,0,0,0,0,0,0,0,0,0,0,0,0,0,0,0,0,0,0,0,0,0,0,0,0,0,0
138,Vallarta express,California,4/15/2016,Clairemont,4284 Genesee Ave,http://www.vallartaexpress.com/menu/,3.5,4,6.65,3.5,,,,,,3.5,,3.5,3.5,4.5,3.5,3.5,4,4,4,0,Ricardo,,0,0,0,0,0,0,0,0,0,0,0,0,0,0,0,0,0,0,0,0,0,0,0,0,0,0,0,0,0,0,0,0,0
139,Vallarta express,California,5/9/2016,Clairemont,4285 Genesee Ave,http://www.vallartaexpress.com/menu/,3.5,4,6.95,4,,,21,23,0.88,3,3.5,2,3.5,3,2.5,2.5,2.5,2,2.9,0,Scott,,0,0,0,0,0,0,0,0,0,0,0,0,0,0,0,0,0,0,0,0,0,0,0,0,0,0,0,0,0,0,0,0,0
140,Vallarta Express,California,3/16/2017,Clairemont,4286 Genesee Ave,http://www.vallartaexpress.com/menu/,3.5,4,7.5,4,,,,,,3,,4,4,3,5,3,4,5,4.1,0,Erik,,0,0,0,0,0,0,0,0,0,0,0,0,0,0,0,0,0,0,0,0,0,0,0,0,0,0,0,0,0,0,0,0,0
141,Vallarta Express,California,6/24/2017,Clairemont,4288 Genesee Ave,http://www.vallartaexpress.com/menu/,3.5,4,7.8,2.5,620,0.632653061,20.5,24.5,0.98,3,2,3.5,3,3,4,3,3.8,4.5,3.5,0,Emily,,0,0,0,0,0,0,0,0,0,0,0,0,0,0,0,0,0,0,0,0,0,0,0,0,0,0,0,0,0,0,0,0,0
142,Vallarta Express,California,8/9/2017,Clairemont,4289 Genesee Ave,http://www.vallartaexpress.com/menu/,3.5,4,8.35,4.5,,,21,23,0.88,3,3,4,3,4,2.5,4,4.5,4,4.1,0,Scott,,0,0,0,0,0,0,0,0,0,0,0,0,0,0,0,0,0,0,0,0,0,0,0,0,0,0,0,0,0,0,0,0,0
231,Vallarta express,Carne asada,3/21/2016,Clairemont,4279 Genesee Ave,http://www.vallartaexpress.com/menu/,3.5,4,6.5,3.5,,,,,,3.75,5,3,3,4.5,4.5,3.5,3,4.5,3.25,0,Ricardo,,0,1,1,0,0,0,0,0,0,0,0,0,0,0,0,0,0,0,0,0,0,0,0,0,0,0,0,0,0,0,0,0,0
285,Vallarta express,Fish,4/15/2016,Clairemont,4283 Genesee Ave,http://www.vallartaexpress.com/menu/,3.5,4,6.5,2.5,,,,,,3,,3.5,4,4,3,,4,1.5,3.5,0,Erin,,0,0,0,0,0,0,0,0,0,0,0,0,0,0,0,0,0,0,0,0,0,0,0,0,0,0,0,0,0,0,0,0,0
317,Vallarta express,Mahi,3/21/2016,Clairemont,4282 Genesee Ave,http://www.vallartaexpress.com/menu/,3.5,4,7.3,3,,,,,,3,4.5,3.5,3,3,2,3.5,2.5,4.5,3.5,0,Tom,,0,0,0,0,0,0,0,0,0,0,0,0,0,0,0,0,0,0,0,0,0,0,0,0,0,0,0,0,0,0,0,0,0
325,Vallarta express,Philly ,3/21/2016,Clairemont,4278 Genesee Ave,http://www.vallartaexpress.com/menu/,3.5,4,6.95,4,,,,,,3,4.5,4,3,3,2,4,2,4.5,3,0,Torben,Guac chips have lots of cheese,0,0,0,1,0,0,0,0,0,0,0,0,0,0,1,0,0,0,1,0,0,0,0,0,0,0,0,0,1,1,0,0,0
330,Vallarta express,Quesa,3/21/2016,Clairemont,4280 Genesee Ave,http://www.vallartaexpress.com/menu/,3.5,4,6.95,4.5,,,,,,2,5,3.5,4,2.5,5,3.5,2.5,4,3.75,0,Alex,Heart-stopping amount of cheese. Second tortilla of cheese,0,1,1,1,0,0,0,1,0,0,0,0,0,0,0,0,0,0,0,0,0,0,0,0,0,0,0,0,0,0,0,0,0
331,Vallarta express,Quesaburro,3/21/2016,Clairemont,4277 Genesee Ave,http://www.vallartaexpress.com/menu/,3.5,4,6.95,3.5,,,,,,3,4,3.5,4,4,4,3.5,4.5,4.5,4.1,0,Scott,,0,1,1,1,0,0,0,0,0,0,0,0,0,0,0,0,0,0,0,0,0,0,0,0,0,0,0,0,0,0,0,0,0
354,Vallarta Express,Surf & Turf,6/24/2017,Clairemont,4287 Genesee Ave,http://www.vallartaexpress.com/menu/,3.5,4,8.55,3,610,0.726190476,20,23,0.84,3,2.5,3,3,3.5,2.8,3.5,2.8,1.5,3,0,Scott,,0,0,0,0,0,0,0,0,0,0,0,0,0,0,0,0,0,0,0,0,0,0,0,0,0,0,0,0,0,0,0,0,0
355,Vallarta express,Surf & Turf,3/21/2016,Clairemont,4281 Genesee Ave,http://www.vallartaexpress.com/menu/,3.5,4,7.65,3,,,,,,2,4,3,3,4,2,4,2,3,3.5,0,Richard,Hot carrots,0,0,1,0,0,1,0,0,1,0,1,1,0,0,0,0,0,0,0,0,0,0,0,0,0,0,0,0,0,0,0,0,0
